provider,detector_name,regex_count,verification_supported
Azure,azuresastoken,7,true
Slack,slack,4,true
Twilio,twilio,4,true
Bitbucket,bitbucketapppassword,3,true
Box,boxoauth,3,true
Gitlab,gitlab,3,true
Mailgun,mailgun,3,true
Recharge,rechargepayments,3,true
Salesforce,salesforceoauth2,3,true
Stripe,stripepaymentintent,3,true
Alibaba,alibaba,2,true
Anypoint,anypoint,2,true
Api,apideck,2,true
Atlassian,atlassian,2,true
Atlassiandatacenter,atlassiandatacenter,2,false
Auth0oauth,auth0oauth,2,true
AWS,awssessionkey,2,true
Azure,azure,2,true
Azure,azureapimanagementrepositorykey,2,true
Azure,azurestorage,2,true
Bannerbear,bannerbear,2,true
Buildkite,buildkite,2,true
Circle,circle,2,true
Coinbase,coinbase,2,true
Copper,copper,2,true
Dockerhub,dockerhub,2,true
Eleven,elevenlabs,2,true
Fullstory,fullstory,2,true
Gemini,gemini,2,true
Generic,generic,2,true
Github,github,2,true
Git,gitlaboauth2,2,true
Graph,graphcms,2,true
Heroku,heroku,2,true
Hub,hubspotapikey,2,true
Intra42,intra42,2,true
JDBC,jdbc,2,true
Map,mapbox,2,true
Max,maxmindlicense,2,true
NGC,ngc,2,true
Npm,npmtoken,2,true
One,onelogin,2,true
Paypal,paypaloauth,2,true
Pub,pubnubpublishkey,2,true
Pusher,pusherchannelkey,2,true
Ramp,ramp,2,true
Razor,razorpay,2,true
Redis,redis,2,true
Robinhood,robinhoodcrypto,2,true
Salesforce,salesforce,2,true
Sentry,sentrytoken,2,true
Shopify,shopifyoauth,2,true
Slack,slackwebhook,2,true
Square,squareapp,2,true
Tableau,tableaupersonalaccesstoken,2,true
Trello,trelloapikey,2,true
Trufflehog,trufflehogenterprise,2,true
Typeform,typeform,2,true
We,wepay,2,true
Abstract,abstract,1,true
Abuse,abuseipdb,1,true
Abyssale,abyssale,1,true
Accuweather,accuweather,1,true
Adafruit,adafruitio,1,true
Adobe,adobeio,1,true
Adzuna,adzuna,1,true
Aeroworkflow,aeroworkflow,1,true
Agora,agora,1,true
Aha,aha,1,true
Airbrake,airbrakeprojectkey,1,true
Airship,airship,1,true
Airtable,airtableoauth,1,true
Airtable,airtablepersonalaccesstoken,1,true
Air,airvisual,1,true
Aiven,aiven,1,true
Alchemy,alchemy,1,true
Alconost,alconost,1,true
Alegra,alegra,1,true
Aletheia,aletheiaapi,1,true
Algolia,algoliaadminkey,1,true
Alien,alienvault,1,true
Allsports,allsports,1,true
Amadeus,amadeus,1,true
Ambee,ambee,1,true
Amplitude,amplitudeapikey,1,true
Anthropic,anthropic,1,true
Anypoint,anypointoauth2,1,true
Apacta,apacta,1,true
Api2Cart,api2cart,1,true
Apiflash,apiflash,1,true
Api,apifonica,1,true
Apify,apify,1,true
Apilayer,apilayer,1,true
API,apimatic,1,true
Api,apimetrics,1,true
API,apitemplate,1,true
Apollo,apollo,1,true
Appcues,appcues,1,true
Appfollow,appfollow,1,true
Appointedd,appointedd,1,true
App,appoptics,1,true
App,appsynergy,1,true
Apptivo,apptivo,1,true
Artifactory,artifactoryaccesstoken,1,true
Artifactory,artifactoryreferencetoken,1,true
Artsy,artsy,1,true
Asana,asanaoauth,1,true
Assembly,assemblyai,1,true
Atera,atera,1,true
Audd,audd,1,true
Auth0Management,auth0managementapitoken,1,true
Autodesk,autodesk,1,true
Autoklose,autoklose,1,true
Auto,autopilot,1,true
Avaza,avazapersonalaccesstoken,1,true
Aviation,aviationstack,1,true
Aws,aws,1,false
AWS,aws,1,true
AWS,awsappsync,1,true
Axonaut,axonaut,1,true
Aylien,aylien,1,true
Ayrshare,ayrshare,1,true
Azure_Entra,azure_entra,1,false
Azure,azureappconfigconnectionstring,1,true
Azure,azurebatch,1,true
Azure,azurecontainerregistry,1,true
Azure,azurecosmosdbkeyidentifiable,1,true
Azure,azureopenai,1,true
Azure,azurerefreshtoken,1,true
Baremetrics,baremetrics,1,true
Beamer,beamer,1,true
Beebole,beebole,1,true
Besnappy,besnappy,1,true
Besttime,besttime,1,true
Better,betterstack,1,true
Billomat,billomat,1,true
Bing,bingsubscriptionkey,1,true
Bitbar,bitbar,1,true
Bitbucket,bitbucketdatacenter,1,true
Bitcoin,bitcoinaverage,1,true
Bitfinex,bitfinex,1,true
Bit,bitlyaccesstoken,1,true
Bitmex,bitmex,1,true
Blazemeter,blazemeter,1,true
Blit,blitapp,1,true
Block,blocknative,1,true
Blogger,blogger,1,true
Bomb,bombbomb,1,true
Boost,boostnote,1,true
Borgbase,borgbase,1,true
Box,box,1,true
Braintree,braintreepayments,1,true
Brain,braintrustapikey,1,true
Brandfetch,brandfetch,1,true
Browser,browserstack,1,true
Browshot,browshot,1,true
Bsc,bscscan,1,true
Buddy,buddyns,1,true
Budibase,budibase,1,true
Bugherd,bugherd,1,true
Bugsnag,bugsnag,1,true
Bulbul,bulbul,1,true
Bulksms,bulksms,1,true
Butter,buttercms,1,true
Caflou,caflou,1,true
Calendarific,calendarific,1,true
Calendly,calendlyapikey,1,true
Calorie,calorieninja,1,true
Campayn,campayn,1,true
Canny,cannyio,1,true
Capsule,capsulecrm,1,true
Captain,captaindata,1,true
Carbon,carboninterface,1,true
Cashboard,cashboard,1,true
Caspio,caspio,1,true
Censys,censys,1,true
Central,centralstationcrm,1,true
Cex,cexio,1,true
Chartmogul,chartmogul,1,true
Chatbot,chatbot,1,true
Chatfule,chatfule,1,true
Chec,checio,1,true
Checkly,checklyhq,1,true
Checkout,checkout,1,true
Checkvist,checkvist,1,true
Cicero,cicero,1,true
Clarifai,clarifai,1,true
Clearbit,clearbit,1,true
Click,clickhelp,1,true
Click,clicksendsms,1,true
Clickup,clickuppersonaltoken,1,true
Cliengo,cliengo,1,true
Clientary,clientary,1,true
Clinchpad,clinchpad,1,true
Clockify,clockify,1,true
Clockwork,clockworksms,1,true
Close,close,1,true
Cloud,cloudconvert,1,true
Cloud,cloudelements,1,true
Cloudflare,cloudflareapitoken,1,true
Cloudflare,cloudflarecakey,1,true
Cloud,cloudimage,1,true
Cloudinary,cloudinary,1,true
Cloudmersive,cloudmersive,1,true
Cloudplan,cloudplan,1,true
Cloudsmith,cloudsmith,1,true
Cloverly,cloverly,1,true
Cloze,cloze,1,true
Clust,clustdoc,1,true
Coda,coda,1,true
Codacy,codacy,1,true
Codeclimate,codeclimate,1,true
Codemagic,codemagic,1,true
Codequiry,codequiry,1,true
Coin,coinapi,1,true
Coinlayer,coinlayer,1,true
Coinlib,coinlib,1,true
Collect2,collect2,1,true
Column,column,1,true
Commerce,commercejs,1,true
Commodities,commodities,1,true
Company,companyhub,1,true
Confluent,confluent,1,true
Contentful,contentfulpersonalaccesstoken,1,true
Conversion,conversiontools,1,true
Convert,convertapi,1,true
Convertkit,convertkit,1,true
Convier,convier,1,true
Couchbase,couchbase,1,true
Country,countrylayer,1,true
Courier,courier,1,true
Coveralls,coveralls,1,true
Craft,craftmypdf,1,true
Crowdin,crowdin,1,true
Crypto,cryptocompare,1,true
Currency,currencycloud,1,true
Currencyfreaks,currencyfreaks,1,true
Currencylayer,currencylayer,1,true
Currency,currencyscoop,1,true
Currents,currentsapi,1,true
Customer,customerguru,1,true
Customer,customerio,1,true
D7Network,d7network,1,true
Daily,dailyco,1,true
Dandelion,dandelion,1,true
Dareboost,dareboost,1,true
Databox,databox,1,true
Databricks,databrickstoken,1,true
Datadog,datadogapikey,1,true
Data,datagov,1,true
Debounce,debounce,1,true
Deep,deepai,1,true
Deepgram,deepgram,1,true
Deep,deepseek,1,true
Delighted,delighted,1,true
Demio,demio,1,true
Deno,denodeploy,1,true
Deputy,deputy,1,true
Detectify,detectify,1,true
Detect,detectlanguage,1,true
Dfuse,dfuse,1,true
Diffbot,diffbot,1,true
Diggernaut,diggernaut,1,true
Digital,digitaloceantoken,1,true
Digital,digitaloceanv2,1,true
Discord,discordbottoken,1,true
Discord,discordwebhook,1,true
Disqus,disqus,1,true
Ditto,ditto,1,true
Dnscheck,dnscheck,1,true
Docker,docker,1,true
Docparser,docparser,1,true
Documo,documo,1,true
Docusign,docusign,1,true
Doppler,doppler,1,true
Dotdigital,dotdigital,1,true
Dovico,dovico,1,true
Drona,dronahq,1,true
Drone,droneci,1,true
Dropbox,dropbox,1,true
Duffel,duffeltoken,1,true
Duply,duply,1,true
Dwolla,dwolla,1,true
Dynalist,dynalist,1,true
Dyspatch,dyspatch,1,true
Eagle,eagleeyenetworks,1,true
Easy,easyinsight,1,true
Eco,ecostruxureit,1,true
Edamam,edamam,1,true
Eden,edenai,1,true
Eightx,eightxeight,1,true
Elastic,elasticemail,1,true
Enablex,enablex,1,true
Endor,endorlabs,1,true
Enigma,enigma,1,true
Envoy,envoyapikey,1,true
Eraser,eraser,1,true
Etherscan,etherscan,1,true
Ethplorer,ethplorer,1,true
Eventbrite,eventbrite,1,true
Everhour,everhour,1,true
Exchange,exchangerateapi,1,true
Exchange,exchangeratesapi,1,true
Export,exportsdk,1,true
Extractor,extractorapi,1,true
Facebook,facebookoauth,1,true
Face,faceplusplus,1,true
Fast,fastforex,1,true
Fastly,fastlypersonaltoken,1,true
Feedier,feedier,1,true
Fetchrss,fetchrss,1,true
Fibery,fibery,1,true
Figma,figmapersonalaccesstoken,1,true
File,fileio,1,true
Finage,finage,1,true
Financial,financialmodelingprep,1,true
Findl,findl,1,true
Finnhub,finnhub,1,true
Fixer,fixerio,1,true
Flat,flatio,1,true
Fleetbase,fleetbase,1,true
Flexport,flexport,1,true
Flickr,flickr,1,true
Flight,flightapi,1,true
Flight,flightlabs,1,true
Flightstats,flightstats,1,true
Float,float,1,true
Flow,flowflu,1,true
Flutterwave,flutterwave,1,true
Fly,flyio,1,true
Fmfw,fmfw,1,true
Form,formbucket,1,true
Formcraft,formcraft,1,true
Form,formio,1,true
Formsite,formsite,1,true
Four,foursquare,1,true
Frame,frameio,1,true
Freshbooks,freshbooks,1,true
Freshdesk,freshdesk,1,true
Front,front,1,true
FTP,ftp,1,true
Fulcrum,fulcrum,1,true
FX,fxmarket,1,true
GCP,gcp,1,true
GCP,gcpapplicationdefaultcredentials,1,true
Geckoboard,geckoboard,1,true
Gengo,gengo,1,true
Geoapify,geoapify,1,true
Geocode,geocode,1,true
Geocodify,geocodify,1,true
Geocodio,geocodio,1,true
Geo,geoipifi,1,true
Get,getemail,1,true
Get,getemails,1,true
Get,getgeoapi,1,true
Getgist,getgist,1,true
Getresponse,getresponse,1,true
Get,getsandbox,1,true
Git,githubapp,1,true
Gitter,gitter,1,true
Glassnode,glassnode,1,true
Go,gocanvas,1,true
Go,gocardless,1,true
Go,godaddy,1,true
Good,goodday,1,true
Google,googlegeminiapikey,1,true
Google,googleoauth2,1,true
Grafana,grafana,1,true
Grafana,grafanaserviceaccount,1,true
Graphhopper,graphhopper,1,true
Groovehq,groovehq,1,true
Groq,groq,1,true
GT,gtmetrix,1,true
Guardianapi,guardianapi,1,true
Gumroad,gumroad,1,true
Gyazo,gyazo,1,true
Happyscribe,happyscribe,1,true
Harness,harness,1,true
Harvest,harvest,1,true
Hashi,hashicorpvaultauth,1,true
Hasura,hasura,1,true
Hello,hellosign,1,true
Help,helpcrunch,1,true
Helpscout,helpscout,1,true
Here,hereapi,1,true
Hive,hive,1,true
Hiveage,hiveage,1,true
Holiday,holidayapi,1,true
Holistic,holistic,1,true
Honeycomb,honeycomb,1,true
Host,host,1,true
Html2Pdf,html2pdf,1,true
Hugging,huggingface,1,true
Humanity,humanity,1,true
Hunter,hunter,1,true
Hybiscus,hybiscus,1,true
Hypertrack,hypertrack,1,true
Ibm,ibmclouduserkey,1,true
Icon,iconfinder,1,true
Iexapis,iexapis,1,true
Iexcloud,iexcloud,1,true
Imagekit,imagekit,1,true
Imagga,imagga,1,true
Impala,impala,1,true
Infura,infura,1,true
Insightly,insightly,1,true
Instabot,instabot,1,true
Instamojo,instamojo,1,true
Intercom,intercom,1,true
Interseller,interseller,1,true
Intrinio,intrinio,1,true
Invoice,invoiceocean,1,true
Ip2location,ip2location,1,true
Ipapi,ipapi,1,true
IP,ipgeolocation,1,true
IP,ipinfo,1,true
I,ipinfodb,1,true
IP,ipquality,1,true
Ip,ipstack,1,true
Jira,jiratoken,1,true
Jotform,jotform,1,true
Jumpcloud,jumpcloud,1,true
Jupiter,jupiterone,1,true
Juro,juro,1,true
JWT,jwt,1,true
Kanban,kanban,1,true
Kanbantool,kanbantool,1,true
Karma,karmacrm,1,true
Keen,keenio,1,true
Kickbox,kickbox,1,true
Klaviyo,klaviyo,1,true
Klipfolio,klipfolio,1,true
Knapsack,knapsackpro,1,true
Kontent,kontent,1,true
Kraken,kraken,1,true
Ku,kucoin,1,true
Kylas,kylas,1,true
Langfuse,langfuse,1,true
Lang,langsmith,1,true
Language,languagelayer,1,true
Lark,larksuite,1,true
Launch,launchdarkly,1,true
LDAP,ldap,1,true
Leadfeeder,leadfeeder,1,true
Lemlist,lemlist,1,true
Lemon,lemonsqueezy,1,true
Lendflow,lendflow,1,true
Less,lessannoyingcrm,1,true
Lexigram,lexigram,1,true
Linear,linearapi,1,true
Line,linemessaging,1,true
Line,linenotify,1,true
Link,linkpreview,1,true
Live,liveagent,1,true
Livestorm,livestorm,1,true
Loadmill,loadmill,1,true
Lob,lob,1,true
Location,locationiq,1,true
Loggly,loggly,1,true
Loginradius,loginradius,1,true
Logz,logzio,1,true
Lokalise,lokalisetoken,1,true
Loyverse,loyverse,1,true
Lunch,lunchmoney,1,true
Luno,luno,1,true
M3o,m3o,1,true
Mad,madkudu,1,true
Magic,magicbell,1,true
Magnetic,magnetic,1,true
Mailboxlayer,mailboxlayer,1,true
Mailchimp,mailchimp,1,true
Mailerlite,mailerlite,1,true
Mail,mailjetbasicauth,1,true
Mailmodo,mailmodo,1,true
Mailsac,mailsac,1,true
Mandrill,mandrill,1,true
Manifest,manifest,1,true
Mapquest,mapquest,1,true
Marketstack,marketstack,1,true
Mattermost,mattermostpersonaltoken,1,true
Mavenlink,mavenlink,1,true
Meaning,meaningcloud,1,true
Media,mediastack,1,true
Meistertask,meistertask,1,true
Meraki,meraki,1,true
Mesibo,mesibo,1,true
Message,messagebird,1,true
Meta,metaapi,1,true
Metabase,metabase,1,true
Metrilo,metrilo,1,true
Microsoft,microsoftteamswebhook,1,true
Mindmeister,mindmeister,1,true
Miro,miro,1,true
Mite,mite,1,true
Mixmax,mixmax,1,true
Mixpanel,mixpanel,1,true
Mockaroo,mockaroo,1,true
Moderation,moderation,1,true
Monday,monday,1,true
Mongo,mongodb,1,true
Monkey,monkeylearn,1,true
Moonclerk,moonclerk,1,true
Moosend,moosend,1,true
Moralis,moralis,1,true
Mrticktock,mrticktock,1,true
Mux,mux,1,true
Myfreshworks,myfreshworks,1,true
My,myintervals,1,true
Nasdaq,nasdaqdatalink,1,true
Nethunt,nethunt,1,true
Netlify,netlify,1,true
Netsuite,netsuite,1,true
Neutrino,neutrinoapi,1,true
New,newrelicinsightsinsertkey,1,true
New,newrelicpersonalapikey,1,true
Newsapi,newsapi,1,true
Newscatcher,newscatcher,1,true
Nexmo,nexmoapikey,1,true
Nftport,nftport,1,true
Ngrok,ngrok,1,true
Nicereply,nicereply,1,true
Nightfall,nightfall,1,true
Nimble,nimble,1,true
Noticeable,noticeable,1,true
Notion,notion,1,true
Nozbe,nozbeteams,1,true
Nu,nugetapikey,1,true
Numverify,numverify,1,true
Nutritionix,nutritionix,1,true
NVAPI,nvapi,1,true
Nylas,nylas,1,true
Oanda,oanda,1,true
Octopus,octopusdeploy,1,true
Okta,okta,1,true
Omnisend,omnisend,1,true
Onedesk,onedesk,1,true
Onepage,onepagecrm,1,true
Onesignal,onesignal,1,true
Onfleet,onfleet,1,true
OOP,oopspam,1,true
Open,openai,1,true
Open,openaiadmin,1,true
Open,opencagedata,1,true
Open,openrouter,1,true
Openuv,openuv,1,true
Open,openvpn,1,true
Open,openweather,1,true
Opsgenie,opsgenie,1,true
Optimizely,optimizely,1,true
Overloop,overloop,1,true
Owlbot,owlbot,1,true
Package,packagecloud,1,true
Pagarme,pagarme,1,true
Pager,pagerdutyapikey,1,true
Pandadoc,pandadoc,1,true
Panda,pandascore,1,true
Paperform,paperform,1,true
Parallel,paralleldots,1,true
Parsehub,parsehub,1,true
Parsers,parsers,1,true
Parseur,parseur,1,true
Partnerstack,partnerstack,1,true
Pastebin,pastebin,1,true
Paydirtapp,paydirtapp,1,true
Paymoapp,paymoapp,1,true
Paymongo,paymongo,1,true
Paystack,paystack,1,true
Pdf,pdflayer,1,true
Pdf,pdfshift,1,true
People,peopledatalabs,1,true
Pepipost,pepipost,1,true
Percy,percy,1,true
Pg,pganalyzereadkey,1,true
Photoroom,photoroom,1,true
Phrase,phraseaccesstoken,1,true
Pinata,pinata,1,true
Pinecone,pinecone,1,true
Pipedream,pipedream,1,true
Pipedrive,pipedrive,1,true
Pivotal,pivotaltracker,1,true
Pixabay,pixabay,1,true
Plaid,plaidkey,1,true
Planet,planetscale,1,true
Planet,planetscaledb,1,true
Planview,planviewleankit,1,true
Planyo,planyo,1,true
Plivo,plivo,1,true
Podio,podio,1,true
Polls,pollsapi,1,true
Poloniex,poloniex,1,true
Polygon,polygon,1,true
Portainer,portainer,1,true
Portainer,portainertoken,1,true
Position,positionstack,1,true
Postage,postageapp,1,true
Postbacks,postbacks,1,true
Posthog,posthogapp,1,true
Postman,postman,1,true
Postmark,postmark,1,true
Powrbot,powrbot,1,true
Prefect,prefect,1,true
Privacy,privacy,1,true
Private,privatekey,1,true
Prodpad,prodpad,1,true
Prospect,prospectcrm,1,true
Protocols,protocolsio,1,true
Proxy,proxycrawl,1,true
Pulumi,pulumi,1,true
Pure,purestake,1,true
Push,pushbulletapikey,1,true
Py,pypi,1,true
Qase,qase,1,true
Qualaroo,qualaroo,1,true
Qubole,qubole,1,true
Rabbit,rabbitmq,1,true
Railway,railwayapp,1,true
Rapid,rapidapi,1,true
Raven,raven,1,true
Rawg,rawg,1,true
Reachmail,reachmail,1,true
Read,readme,1,true
Really,reallysimplesystems,1,true
Rebrandly,rebrandly,1,true
Red,redhatpyxis,1,true
Refiner,refiner,1,true
Rentman,rentman,1,true
Repairshopr,repairshopr,1,true
Replicate,replicate,1,true
Reply,replyio,1,true
Request,requestfinance,1,true
Restpack,restpackhtmltopdfapi,1,true
Rev,rev,1,true
Revamp,revampcrm,1,true
Ring,ringcentral,1,true
Rite,ritekit,1,true
Roaring,roaring,1,true
Rocket,rocketreach,1,true
Rootly,rootly,1,true
Route4me,route4me,1,true
Rownd,rownd,1,true
Ruby,rubygems,1,true
Run,runrunit,1,true
Salad,saladcloudapikey,1,true
Salesblink,salesblink,1,true
Salescookie,salescookie,1,true
Salesflare,salesflare,1,true
Salesforce,salesforcerefreshtoken,1,true
Salesmate,salesmate,1,true
Sanity,sanity,1,true
Satismeter,satismeterprojectkey,1,true
Sauce,saucelabs,1,true
Scaleway,scalewaykey,1,true
Scalr,scalr,1,true
Scrapeowl,scrapeowl,1,true
Scraper,scraperapi,1,true
Scraper,scraperbox,1,true
Scrape,scrapestack,1,true
Scrapfly,scrapfly,1,true
Scraping,scrapingant,1,true
Scraping,scrapingbee,1,true
Screenshot,screenshotapi,1,true
Screenshot,screenshotlayer,1,true
Scrutinizer,scrutinizerci,1,true
Security,securitytrails,1,true
Segment,segmentapikey,1,true
Select,selectpdf,1,true
Semaphore,semaphore,1,true
Sendbird,sendbird,1,true
Send,sendgrid,1,true
Sendin,sendinbluev2,1,true
Sentry,sentryorgtoken,1,true
Serphouse,serphouse,1,true
Serp,serpstack,1,true
Sheety,sheety,1,true
Sherpadesk,sherpadesk,1,true
Shipday,shipday,1,true
Shippo,shippo,1,true
Shodan,shodankey,1,true
Shopify,shopify,1,true
Shortcut,shortcut,1,true
Shotstack,shotstack,1,true
Shutterstock,shutterstock,1,true
Signable,signable,1,true
Signalwire,signalwire,1,true
Signaturit,signaturit,1,true
Signupgenius,signupgenius,1,true
Sigopt,sigopt,1,true
Sim,simfin,1,true
Simplesat,simplesat,1,true
Simply,simplynoted,1,true
Simvoly,simvoly,1,true
Sinch,sinchmessage,1,true
Sirv,sirv,1,true
Siteleaf,siteleaf,1,true
Skrappio,skrappio,1,true
Sky,skybiometry,1,true
Smartsheets,smartsheets,1,true
Smarty,smartystreets,1,true
Smooch,smooch,1,true
Snipcart,snipcart,1,true
Snowflake,snowflake,1,true
Snyk,snykkey,1,true
Sonar,sonarcloud,1,true
Sourcegraph,sourcegraph,1,true
Sourcegraph,sourcegraphcody,1,true
Sparkpost,sparkpost,1,true
Spectral,spectralops,1,true
Speech,speechtextai,1,true
Splunk,splunkoberservabilitytoken,1,true
Spoonacular,spoonacular,1,true
Sportsmonk,sportsmonk,1,true
SQL,sqlserver,1,true
Square,square,1,true
Squarespace,squarespace,1,true
Ssl,sslmate,1,true
Statuscake,statuscake,1,true
Statuspage,statuspage,1,true
Statuspal,statuspal,1,true
Stitchdata,stitchdata,1,true
Stockdata,stockdata,1,true
Storecove,storecove,1,true
Stormboard,stormboard,1,true
Stormglass,stormglass,1,true
Storyblok,storyblokaccesstoken,1,true
Storychief,storychief,1,true
Strava,strava,1,true
Streak,streak,1,true
Stripe,stripe,1,true
Stripo,stripo,1,true
Stytch,stytch,1,true
Sugester,sugester,1,true
Sumo,sumologickey,1,true
Supabase,supabasetoken,1,true
Super,supernotesapi,1,true
Survey,surveyanyplace,1,true
Survey,surveybot,1,true
Survey,surveysparrow,1,true
Survicate,survicate,1,true
Swell,swell,1,true
Swiftype,swiftype,1,true
Tailscale,tailscale,1,true
Tallyfy,tallyfy,1,true
Tatum,tatumio,1,true
Taxjar,taxjar,1,true
Teamgate,teamgate,1,true
Teamwork,teamworkcrm,1,true
Technical,technicalanalysisapi,1,true
Tefter,tefter,1,true
Telegram,telegrambottoken,1,true
Teletype,teletype,1,true
Telnyx,telnyx,1,true
Terraform,terraformcloudpersonaltoken,1,true
Testing,testingbot,1,true
Textmagic,textmagic,1,true
The,theoddsapi,1,true
Thinkific,thinkific,1,true
Thousand,thousandeyes,1,true
Ticket,ticketmaster,1,true
Tickettailor,tickettailor,1,true
Tiingo,tiingo,1,true
Time,timecamp,1,true
Timezoneapi,timezoneapi,1,true
Tines,tineswebhook,1,true
T,tly,1,true
Tmetric,tmetric,1,true
Todoist,todoist,1,true
Toggl,toggltrack,1,true
Tokeet,tokeet,1,true
Tomorrow,tomorrowio,1,true
Tomtom,tomtom,1,true
Tradier,tradier,1,true
Transferwise,transferwise,1,true
Travel,travelpayouts,1,true
Travis,travisci,1,true
Tru,tru,1,true
Twelve,twelvedata,1,true
Twist,twist,1,true
Twitch,twitch,1,true
Twitter,twitter,1,true
Tyntec,tyntec,1,true
Typetalk,typetalk,1,true
Ubidots,ubidots,1,true
Uclassify,uclassify,1,true
Unify,unifyid,1,true
Unplugg,unplugg,1,true
Unsplash,unsplash,1,true
UPC,upcdatabase,1,true
Uplead,uplead,1,true
Upload,uploadcare,1,true
Uptime,uptimerobot,1,true
Upwave,upwave,1,true
URI,uri,1,true
Urlscan,urlscan,1,true
User,user,1,true
Userflow,userflow,1,true
User,userstack,1,true
Vagrant,vagrantcloudpersonaltoken,1,true
Vat,vatlayer,1,true
Vbout,vbout,1,true
Vercel,vercel,1,true
Verifier,verifier,1,true
Verimail,verimail,1,true
Veriphone,veriphone,1,true
Version,versioneye,1,true
Viewneo,viewneo,1,true
Virus,virustotal,1,true
Visual,visualcrossing,1,true
Voiceflow,voiceflow,1,true
Voicegain,voicegain,1,true
Voodoo,voodoosms,1,true
Vouchery,vouchery,1,true
Vpnapi,vpnapi,1,true
Vultr,vultrapikey,1,true
Vyte,vyte,1,true
Walk,walkscore,1,true
Weather,weatherbit,1,true
Weather,weatherstack,1,true
Web3Storage,web3storage,1,true
Webex,webex,1,true
Webex,webexbot,1,true
Webflow,webflow,1,true
Web,webscraper,1,true
Webscraping,webscraping,1,true
Websitepulse,websitepulse,1,true
Weights,weightsandbiases,1,true
Whoxy,whoxy,1,true
Wistia,wistia,1,true
Wit,wit,1,true
Wiz,wiz,1,true
Worksnaps,worksnaps,1,true
Workstack,workstack,1,true
World,worldcoinindex,1,true
World,worldweather,1,true
Wrike,wrike,1,true
XAI,xai,1,true
Yandex,yandex,1,true
Yelp,yelp,1,true
You,youneedabudget,1,true
You,yousign,1,true
Youtube,youtubeapikey,1,true
Zapier,zapierwebhook,1,true
Zendesk,zendeskapi,1,true
Zenkit,zenkitapi,1,true
Zen,zenrows,1,true
Zenscrape,zenscrape,1,true
Zenserp,zenserp,1,true
Zeplin,zeplin,1,true
Zerobounce,zerobounce,1,true
Zero,zerotier,1,true
Zip,zipapi,1,true
Zip,zipbooks,1,true
Zip,zipcodeapi,1,true
Zipcodebase,zipcodebase,1,true
Zoho,zohocrm,1,true
Zonka,zonkafeedback,1,true
Zulip,zulipchat,1,true
