pattern_id,provider,secret_type,regex,severity,verification_supported,source,notes
abstract_1,Abstract,API Key,abstract,HIGH,true,TruffleHog,
abuseipdb_1,Abuse,IPDB API Key,abuseipdb,HIGH,true,TruffleHog,
abyssale_1,Abyssale,API Key,abyssale,HIGH,true,TruffleHog,
accuweather_1,Accuweather,API Key,accuweather,HIGH,true,TruffleHog,
adafruitio_1,Adafruit,IO API Key,\b(aio\_[a-zA-Z0-9]{28})\b,HIGH,true,TruffleHog,
adobeio_1,Adobe,IO API Key,adobe,HIGH,true,TruffleHog,
adzuna_1,Adzuna,API Key,adzuna,HIGH,true,TruffleHog,
aeroworkflow_1,Aeroworkflow,API Key,aeroworkflow,HIGH,true,TruffleHog,
agora_1,Agora,API Key,agora,HIGH,true,TruffleHog,
aha_1,Aha,API Key,aha,HIGH,true,TruffleHog,
airbrakeprojectkey_1,Airbrake,Project Key,airbrake,HIGH,true,TruffleHog,
airship_1,Airship,API Key,airship,HIGH,true,TruffleHog,
airtableoauth_1,Airtable,O Auth API Key,\b([[:alnum:]]+\.v1\.[a-zA-Z0-9_-]+\.[a-f0-9]+)\b,HIGH,true,TruffleHog,
airtablepersonalaccesstoken_1,Airtable,Personal Access Token,airtable,HIGH,true,TruffleHog,
airvisual_1,Air,Visual API Key,airvisual,HIGH,true,TruffleHog,
aiven_1,Aiven,API Key,aiven,HIGH,true,TruffleHog,
alchemy_1,Alchemy,API Key,alchemy,HIGH,true,TruffleHog,
alconost_1,Alconost,API Key,alconost,HIGH,true,TruffleHog,
alegra_1,Alegra,API Key,alegra,HIGH,true,TruffleHog,
aletheiaapi_1,Aletheia,Api API Key,aletheiaapi,HIGH,true,TruffleHog,
algoliaadminkey_1,Algolia,Admin Key,algolia,HIGH,true,TruffleHog,
alibaba_1,Alibaba,API Key,\b([a-zA-Z0-9]{30})\b,HIGH,true,TruffleHog,
alibaba_2,Alibaba,API Key,"\b(LTAI[a-zA-Z0-9]{17,21})[\""';\s]*",HIGH,true,TruffleHog,
alienvault_1,Alien,Vault API Key,alienvault,HIGH,true,TruffleHog,
allsports_1,Allsports,API Key,allsports,HIGH,true,TruffleHog,
amadeus_1,Amadeus,API Key,amadeus,HIGH,true,TruffleHog,
ambee_1,Ambee,API Key,ambee,HIGH,true,TruffleHog,
amplitudeapikey_1,Amplitude,Api Key,amplitude,HIGH,true,TruffleHog,
anthropic_1,Anthropic,API Key,\b(sk-ant-(?:admin01|api03)-[\w\-]{93}AA)\b,HIGH,true,TruffleHog,
anypoint_1,Anypoint,API Key,\b([0-9a-z]{8}-[0-9a-z]{4}-[0-9a-z]{4}-[0-9a-z]{4}-[0-9a-z]{12})\b,HIGH,true,TruffleHog,
anypoint_2,Anypoint,API Key,org,HIGH,true,TruffleHog,
anypointoauth2_1,Anypoint,O Auth2 API Key,anypoint,HIGH,true,TruffleHog,
apacta_1,Apacta,API Key,apacta,HIGH,true,TruffleHog,
api2cart_1,Api2Cart,API Key,api2cart,HIGH,true,TruffleHog,
apideck_1,Api,Deck API Key,\b(sk_live_[a-z0-9A-Z-]{93})\b,HIGH,true,TruffleHog,
apideck_2,Api,Deck API Key,apideck,HIGH,true,TruffleHog,
apiflash_1,Apiflash,API Key,apiflash,HIGH,true,TruffleHog,
apifonica_1,Api,Fonica API Key,apifonica,HIGH,true,TruffleHog,
apify_1,Apify,API Key,\b(apify\_api\_[a-zA-Z-0-9]{36})\b,HIGH,true,TruffleHog,
apilayer_1,Apilayer,API Key,apilayer,HIGH,true,TruffleHog,
apimatic_1,API,Matic API Key,apimatic,HIGH,true,TruffleHog,
apimetrics_1,Api,Metrics API Key,apimetrics,HIGH,true,TruffleHog,
apitemplate_1,API,Template API Key,apitemplate,HIGH,true,TruffleHog,
apollo_1,Apollo,API Key,apollo,HIGH,true,TruffleHog,
appcues_1,Appcues,API Key,appcues,HIGH,true,TruffleHog,
appfollow_1,Appfollow,API Key,appfollow,HIGH,true,TruffleHog,
appointedd_1,Appointedd,API Key,appointedd,HIGH,true,TruffleHog,
appoptics_1,App,Optics API Key,appoptics,HIGH,true,TruffleHog,
appsynergy_1,App,Synergy API Key,appsynergy,HIGH,true,TruffleHog,
apptivo_1,Apptivo,API Key,apptivo,HIGH,true,TruffleHog,
artifactoryaccesstoken_1,Artifactory,Access Token,\b(AKCp[a-zA-Z0-9]{69})\b,HIGH,true,TruffleHog,
artifactoryreferencetoken_1,Artifactory,Reference Token,\b(cmVmdGtu[A-Za-z0-9]{56})\b,HIGH,true,TruffleHog,
artsy_1,Artsy,API Key,artsy,HIGH,true,TruffleHog,
asanaoauth_1,Asana,Oauth API Key,asana,HIGH,true,TruffleHog,
assemblyai_1,Assembly,AI API Key,assemblyai,HIGH,true,TruffleHog,
atera_1,Atera,API Key,atera,HIGH,true,TruffleHog,
atlassian_1,Atlassian,API Key,atlassian,HIGH,true,TruffleHog,
atlassian_2,Atlassian,API Key,\b(ATCTT3xFfG[A-Za-z0-9+/=_-]+=[A-Za-z0-9]{8})\b,HIGH,true,TruffleHog,
atlassiandatacenter_1,Atlassiandatacenter,API Key,\b([MNO][A-Za-z0-9+/]{43})(?:[^A-Za-z0-9+/=]|\z),HIGH,false,TruffleHog,
atlassiandatacenter_2,Atlassiandatacenter,API Key,"(https?://[a-zA-Z0-9][a-zA-Z0-9.\-]*(?::\d{1,5})?)",HIGH,false,TruffleHog,
audd_1,Audd,API Key,audd,HIGH,true,TruffleHog,
auth0managementapitoken_1,Auth0Management,Api Token,\b(ey[a-zA-Z0-9._-]+)\b,HIGH,true,TruffleHog,
auth0oauth_1,Auth0oauth,API Key,auth0,HIGH,true,TruffleHog,
auth0oauth_2,Auth0oauth,API Key,"\b([a-zA-Z0-9_-]{64,})\b",HIGH,true,TruffleHog,
autodesk_1,Autodesk,API Key,autodesk,HIGH,true,TruffleHog,
autoklose_1,Autoklose,API Key,autoklose,HIGH,true,TruffleHog,
autopilot_1,Auto,Pilot API Key,autopilot,HIGH,true,TruffleHog,
avazapersonalaccesstoken_1,Avaza,Personal Access Token,avaza,HIGH,true,TruffleHog,
aviationstack_1,Aviation,Stack API Key,aviationstack,HIGH,true,TruffleHog,
aws_1,Aws,API Key,(?:[^A-Za-z0-9+/]|\A)([A-Za-z0-9+/]{40})(?:[^A-Za-z0-9+/]|\z),HIGH,false,TruffleHog,
aws_2,AWS,API Key,\b((?:AKIA|ABIA|ACCA)[A-Z0-9]{16})\b,HIGH,true,TruffleHog,
awsappsync_1,AWS,App Sync API Key,\b(da2-[a-z0-9]{26})\b,HIGH,true,TruffleHog,
awssessionkey_1,AWS,Session Key,\b((?:ASIA)[A-Z0-9]{16})\b,HIGH,true,TruffleHog,
awssessionkey_2,AWS,Session Key,"(?:[^A-Za-z0-9+/]|\A)([a-zA-Z0-9+/]{100,}={0,3})(?:[^A-Za-z0-9+/=]|\z)",HIGH,true,TruffleHog,
axonaut_1,Axonaut,API Key,axonaut,HIGH,true,TruffleHog,
aylien_1,Aylien,API Key,aylien,HIGH,true,TruffleHog,
ayrshare_1,Ayrshare,API Key,ayrshare,HIGH,true,TruffleHog,
azure_1,Azure,API Key,"(?i)(?:secret|password| -p[ =]).{0,80}[^A-Za-z0-9!#$%&()*+,\-./:;<=>?@[\\\]^_{|}~]([A-Za-z0-9!#$%&()*+,\-./:;<=>?@[\\\]^_{|}~]{31,34})[^A-Za-z0-9!#$%&()*+,\-./:;<=>?@[\\\]^_{|}~]",HIGH,true,TruffleHog,
azure_2,Azure,API Key,"(?:[^a-zA-Z0-9_~.-]|\A)([a-zA-Z0-9_~.-]{3}\dQ~[a-zA-Z0-9_~.-]{31,34})(?:[^a-zA-Z0-9_~.-]|\z)",HIGH,true,TruffleHog,
azure_entra_1,Azure_Entra,API Key,"(?i)(?:(?:app(?:lication)?|client)(?:[ ._-]?id)?|username| -u)(?:.|\s){0,45}?(%s)",HIGH,false,TruffleHog,
azureapimanagementrepositorykey_1,Azure,Api Management Repository Key,azure,HIGH,true,TruffleHog,
azureapimanagementrepositorykey_2,Azure,Api Management Repository Key,\d+\.\d+\.\d+,HIGH,true,TruffleHog,
azureappconfigconnectionstring_1,Azure,App Config Connection String API Key,Endpoint=(https:\/\/[a-zA-Z0-9-]+\.azconfig\.io);Id=([a-zA-Z0-9+\/=]+);Secret=([a-zA-Z0-9+\/=]+),HIGH,true,TruffleHog,
azurebatch_1,Azure,Batch API Key,[A-Za-z0-9+/=]{88},HIGH,true,TruffleHog,
azurecontainerregistry_1,Azure,Container Registry API Key,\b[a-zA-Z0-9+/]{42}\+ACR[a-zA-Z0-9]{6}\b,HIGH,true,TruffleHog,
azurecosmosdbkeyidentifiable_1,Azure,Cosmos DB Key Identifiable,([A-Za-z0-9]{86}==),HIGH,true,TruffleHog,
azureopenai_1,Azure,Open AI API Key,api[_.-]?key,HIGH,true,TruffleHog,
azurerefreshtoken_1,Azure,Refresh Token,"\b[01]\.A[\w-]{50,}(?:\.\d)?\.Ag[\w-]{250,}(?:\.A[\w-]{200,})?",HIGH,true,TruffleHog,
azuresastoken_1,Azure,Sas Token,"[a-z]{2,4}=[^&=\s""'<>]+(?:&[a-z]{2,4}=[^&=\s""'<>]+)+",HIGH,true,TruffleHog,
azuresastoken_2,Azure,Sas Token,^[racwdli]+$,HIGH,true,TruffleHog,
azuresastoken_3,Azure,Sas Token,^\d{4}-\d{2}-\d{2}$,HIGH,true,TruffleHog,
azuresastoken_4,Azure,Sas Token,^[bcfso]$,HIGH,true,TruffleHog,
azuresastoken_5,Azure,Sas Token,^\d{4}-\d{2}-\d{2}T\d{2}(?::|%3[Aa])\d{2}(?::|%3[Aa])\d{2}Z$,HIGH,true,TruffleHog,
azuresastoken_6,Azure,Sas Token,"^[a-zA-Z0-9%+/=]{10,}$",HIGH,true,TruffleHog,
azuresastoken_7,Azure,Sas Token,"^\d{1,3}(?:\.\d{1,3}){3}(?:-\d{1,3}(?:\.\d{1,3}){3})?$",HIGH,true,TruffleHog,
azurestorage_1,Azure,Storage API Key,"(?i:Account[_.-]?Name|Storage[_.-]?(?:Account|Name))(?:.|\s){0,20}?\b([a-z0-9]{3,24})\b|([a-z0-9]{3,24})(?i:\.blob\.core\.windows\.net)",HIGH,true,TruffleHog,
azurestorage_2,Azure,Storage API Key,"(?i:(?:Access|Account|Storage)[_.-]?Key)(?:.|\s){0,25}?([a-zA-Z0-9+\/-]{86,88}={0,2})",HIGH,true,TruffleHog,
bannerbear_1,Bannerbear,API Key,bannerbear,HIGH,true,TruffleHog,
bannerbear_2,Bannerbear,API Key,\b(bb_(?:pr|ma)_[a-f0-9]{30})\b,HIGH,true,TruffleHog,
baremetrics_1,Baremetrics,API Key,baremetrics,HIGH,true,TruffleHog,
beamer_1,Beamer,API Key,beamer,HIGH,true,TruffleHog,
beebole_1,Beebole,API Key,beebole,HIGH,true,TruffleHog,
besnappy_1,Besnappy,API Key,besnappy,HIGH,true,TruffleHog,
besttime_1,Besttime,API Key,besttime,HIGH,true,TruffleHog,
betterstack_1,Better,Stack API Key,betterstack,HIGH,true,TruffleHog,
billomat_1,Billomat,API Key,billomat,HIGH,true,TruffleHog,
bingsubscriptionkey_1,Bing,Subscription Key,bing,HIGH,true,TruffleHog,
bitbar_1,Bitbar,API Key,bitbar,HIGH,true,TruffleHog,
bitbucketapppassword_1,Bitbucket,App Password,"(?:^|[^A-Za-z0-9-_])(?P<username>[A-Za-z0-9-_]{1,30}):(?P<password>ATBB[A-Za-z0-9_=.-]+)\b",HIGH,true,TruffleHog,
bitbucketapppassword_2,Bitbucket,App Password,"https://(?P<username>[A-Za-z0-9-_]{1,30}):(?P<password>ATBB[A-Za-z0-9_=.-]+)@bitbucket\.org",HIGH,true,TruffleHog,
bitbucketapppassword_3,Bitbucket,App Password,"""(?P<username>[A-Za-z0-9-_]{1,30})"",\s*""(?P<password>ATBB[A-Za-z0-9_=.-]+)""",HIGH,true,TruffleHog,
bitbucketdatacenter_1,Bitbucket,Data Center API Key,"\b(BBDC-[A-Za-z0-9+/@_-]{40,50})(?:[^A-Za-z0-9+/@_-]|$)",HIGH,true,TruffleHog,
bitcoinaverage_1,Bitcoin,Average API Key,bitcoinaverage,HIGH,true,TruffleHog,
bitfinex_1,Bitfinex,API Key,bitfinex,HIGH,true,TruffleHog,
bitlyaccesstoken_1,Bit,Ly Access Token,bitly,HIGH,true,TruffleHog,
bitmex_1,Bitmex,API Key,bitmex,HIGH,true,TruffleHog,
blazemeter_1,Blazemeter,API Key,blazemeter,HIGH,true,TruffleHog,
blitapp_1,Blit,App API Key,blitapp,HIGH,true,TruffleHog,
blocknative_1,Block,Native API Key,blocknative,HIGH,true,TruffleHog,
blogger_1,Blogger,API Key,blogger,HIGH,true,TruffleHog,
bombbomb_1,Bomb,Bomb API Key,bombbomb,HIGH,true,TruffleHog,
boostnote_1,Boost,Note API Key,boostnote,HIGH,true,TruffleHog,
borgbase_1,Borgbase,API Key,borgbase,HIGH,true,TruffleHog,
box_1,Box,API Key,box,HIGH,true,TruffleHog,
boxoauth_1,Box,Oauth API Key,id,HIGH,true,TruffleHog,
boxoauth_2,Box,Oauth API Key,secret,HIGH,true,TruffleHog,
boxoauth_3,Box,Oauth API Key,enterprise,HIGH,true,TruffleHog,
braintreepayments_1,Braintree,Payments API Key,braintree,HIGH,true,TruffleHog,
braintrustapikey_1,Brain,Trust Api Key,\b(sk-[A-Za-z0-9]{48})\b,HIGH,true,TruffleHog,
brandfetch_1,Brandfetch,API Key,brandfetch,HIGH,true,TruffleHog,
browserstack_1,Browser,Stack API Key,hub-cloud.browserstack.com,HIGH,true,TruffleHog,
browshot_1,Browshot,API Key,browshot,HIGH,true,TruffleHog,
bscscan_1,Bsc,Scan API Key,bscscan,HIGH,true,TruffleHog,
buddyns_1,Buddy,NS API Key,buddyns,HIGH,true,TruffleHog,
budibase_1,Budibase,API Key,budibase,HIGH,true,TruffleHog,
bugherd_1,Bugherd,API Key,bugherd,HIGH,true,TruffleHog,
bugsnag_1,Bugsnag,API Key,bugsnag,HIGH,true,TruffleHog,
buildkite_1,Buildkite,API Key,buildkite,HIGH,true,TruffleHog,
buildkite_2,Buildkite,API Key,\b(bkua_[a-z0-9]{40})\b,HIGH,true,TruffleHog,
bulbul_1,Bulbul,API Key,bulbul,HIGH,true,TruffleHog,
bulksms_1,Bulksms,API Key,bulksms,HIGH,true,TruffleHog,
buttercms_1,Butter,CMS API Key,buttercms,HIGH,true,TruffleHog,
caflou_1,Caflou,API Key,\b(eyJhbGciOiJIUzI1NiJ9[a-zA-Z0-9._-]{135})\b,HIGH,true,TruffleHog,
calendarific_1,Calendarific,API Key,calendarific,HIGH,true,TruffleHog,
calendlyapikey_1,Calendly,Api Key,calendly,HIGH,true,TruffleHog,
calorieninja_1,Calorie,Ninja API Key,calorieninja,HIGH,true,TruffleHog,
campayn_1,Campayn,API Key,campayn,HIGH,true,TruffleHog,
cannyio_1,Canny,Io API Key,canny,HIGH,true,TruffleHog,
capsulecrm_1,Capsule,CRM API Key,capsulecrm,HIGH,true,TruffleHog,
captaindata_1,Captain,Data API Key,captaindata,HIGH,true,TruffleHog,
carboninterface_1,Carbon,Interface API Key,carboninterface,HIGH,true,TruffleHog,
cashboard_1,Cashboard,API Key,cashboard,HIGH,true,TruffleHog,
caspio_1,Caspio,API Key,caspio,HIGH,true,TruffleHog,
censys_1,Censys,API Key,censys,HIGH,true,TruffleHog,
centralstationcrm_1,Central,Station CRM API Key,centralstation,HIGH,true,TruffleHog,
cexio_1,Cex,IO API Key,cexio,HIGH,true,TruffleHog,
chartmogul_1,Chartmogul,API Key,chartmogul,HIGH,true,TruffleHog,
chatbot_1,Chatbot,API Key,chatbot,HIGH,true,TruffleHog,
chatfule_1,Chatfule,API Key,chatfuel,HIGH,true,TruffleHog,
checio_1,Chec,IO API Key,checio,HIGH,true,TruffleHog,
checklyhq_1,Checkly,HQ API Key,checklyhq,HIGH,true,TruffleHog,
checkout_1,Checkout,API Key,checkout,HIGH,true,TruffleHog,
checkvist_1,Checkvist,API Key,checkvist,HIGH,true,TruffleHog,
cicero_1,Cicero,API Key,cicero,HIGH,true,TruffleHog,
circle_1,Circle,API Key,circle,HIGH,true,TruffleHog,
circle_2,Circle,API Key,(CCIPAT_[a-zA-Z0-9]{22}_[a-fA-F0-9]{40}),HIGH,true,TruffleHog,
clarifai_1,Clarifai,API Key,clarifai,HIGH,true,TruffleHog,
clearbit_1,Clearbit,API Key,clearbit,HIGH,true,TruffleHog,
clickhelp_1,Click,Help API Key,clickhelp,HIGH,true,TruffleHog,
clicksendsms_1,Click,Sendsms API Key,sms,HIGH,true,TruffleHog,
clickuppersonaltoken_1,Clickup,Personal Token,clickup,HIGH,true,TruffleHog,
cliengo_1,Cliengo,API Key,cliengo,HIGH,true,TruffleHog,
clientary_1,Clientary,API Key,ronin,HIGH,true,TruffleHog,
clinchpad_1,Clinchpad,API Key,clinchpad,HIGH,true,TruffleHog,
clockify_1,Clockify,API Key,clockify,HIGH,true,TruffleHog,
clockworksms_1,Clockwork,SMS API Key,clockwork,HIGH,true,TruffleHog,
close_1,Close,API Key,\b(api_[a-z0-9A-Z.]{45})\b,HIGH,true,TruffleHog,
cloudconvert_1,Cloud,Convert API Key,cloudconvert,HIGH,true,TruffleHog,
cloudelements_1,Cloud,Elements API Key,cloudelements,HIGH,true,TruffleHog,
cloudflareapitoken_1,Cloudflare,Api Token,cloudflare,HIGH,true,TruffleHog,
cloudflarecakey_1,Cloudflare,Ca Key,\b(v1\.0-[A-Za-z0-9-]{171})\b,HIGH,true,TruffleHog,
cloudimage_1,Cloud,Image API Key,cloudimage,HIGH,true,TruffleHog,
cloudinary_1,Cloudinary,API Key,cloudinary,HIGH,true,TruffleHog,
cloudmersive_1,Cloudmersive,API Key,cloudmersive,HIGH,true,TruffleHog,
cloudplan_1,Cloudplan,API Key,cloudplan,HIGH,true,TruffleHog,
cloudsmith_1,Cloudsmith,API Key,cloudsmith,HIGH,true,TruffleHog,
cloverly_1,Cloverly,API Key,cloverly,HIGH,true,TruffleHog,
cloze_1,Cloze,API Key,cloze,HIGH,true,TruffleHog,
clustdoc_1,Clust,Doc API Key,clustdoc,HIGH,true,TruffleHog,
coda_1,Coda,API Key,coda,HIGH,true,TruffleHog,
codacy_1,Codacy,API Key,codacy,HIGH,true,TruffleHog,
codeclimate_1,Codeclimate,API Key,codeclimate,HIGH,true,TruffleHog,
codemagic_1,Codemagic,API Key,codemagic,HIGH,true,TruffleHog,
codequiry_1,Codequiry,API Key,codequiry,HIGH,true,TruffleHog,
coinapi_1,Coin,Api API Key,coinapi,HIGH,true,TruffleHog,
coinbase_1,Coinbase,API Key,\b(organizations\\*/\w{8}-\w{4}-\w{4}-\w{4}-\w{12}\\*/apiKeys\\*/\w{8}-\w{4}-\w{4}-\w{4}-\w{12})\b,HIGH,true,TruffleHog,
coinbase_2,Coinbase,API Key,"(-----BEGIN EC(?:DSA)? PRIVATE KEY-----(?:\r|\n|\\+r|\\+n)(?:[a-zA-Z0-9+/]+={0,2}(?:\r|\n|\\+r|\\+n))+-----END EC(?:DSA)? PRIVATE KEY-----(?:\r|\n|\\+r|\\+n)?)",HIGH,true,TruffleHog,
coinlayer_1,Coinlayer,API Key,coinlayer,HIGH,true,TruffleHog,
coinlib_1,Coinlib,API Key,coinlib,HIGH,true,TruffleHog,
collect2_1,Collect2,API Key,collect2,HIGH,true,TruffleHog,
column_1,Column,API Key,column,HIGH,true,TruffleHog,
commercejs_1,Commerce,JS API Key,commercejs,HIGH,true,TruffleHog,
commodities_1,Commodities,API Key,commodities,HIGH,true,TruffleHog,
companyhub_1,Company,Hub API Key,companyhub,HIGH,true,TruffleHog,
confluent_1,Confluent,API Key,confluent,HIGH,true,TruffleHog,
contentfulpersonalaccesstoken_1,Contentful,Personal Access Token,\b(CFPAT-[a-zA-Z0-9_\-]{43})\b,HIGH,true,TruffleHog,
conversiontools_1,Conversion,Tools API Key,conversiontools,HIGH,true,TruffleHog,
convertapi_1,Convert,Api API Key,convertapi,HIGH,true,TruffleHog,
convertkit_1,Convertkit,API Key,convertkit,HIGH,true,TruffleHog,
convier_1,Convier,API Key,convier,HIGH,true,TruffleHog,
copper_1,Copper,API Key,copper,HIGH,true,TruffleHog,
copper_2,Copper,API Key,"\b([a-z0-9]{4,25}@[a-zA-Z0-9]{2,12}.[a-zA-Z0-9]{2,6})\b",HIGH,true,TruffleHog,
couchbase_1,Couchbase,API Key,\b(cb\.[a-z0-9]+\.cloud\.couchbase\.com)\b,HIGH,true,TruffleHog,
countrylayer_1,Country,Layer API Key,countrylayer,HIGH,true,TruffleHog,
courier_1,Courier,API Key,courier,HIGH,true,TruffleHog,
coveralls_1,Coveralls,API Key,coveralls,HIGH,true,TruffleHog,
craftmypdf_1,Craft,My PDF API Key,craftmypdf,HIGH,true,TruffleHog,
crowdin_1,Crowdin,API Key,crowdin,HIGH,true,TruffleHog,
cryptocompare_1,Crypto,Compare API Key,cryptocompare,HIGH,true,TruffleHog,
currencycloud_1,Currency,Cloud API Key,currencycloud,HIGH,true,TruffleHog,
currencyfreaks_1,Currencyfreaks,API Key,currencyfreaks,HIGH,true,TruffleHog,
currencylayer_1,Currencylayer,API Key,currencylayer,HIGH,true,TruffleHog,
currencyscoop_1,Currency,Scoop API Key,currencyscoop,HIGH,true,TruffleHog,
currentsapi_1,Currents,API API Key,currentsapi,HIGH,true,TruffleHog,
customerguru_1,Customer,Guru API Key,guru,HIGH,true,TruffleHog,
customerio_1,Customer,IO API Key,customer,HIGH,true,TruffleHog,
d7network_1,D7Network,API Key,d7network,HIGH,true,TruffleHog,
dailyco_1,Daily,CO API Key,daily,HIGH,true,TruffleHog,
dandelion_1,Dandelion,API Key,dandelion,HIGH,true,TruffleHog,
dareboost_1,Dareboost,API Key,dareboost,HIGH,true,TruffleHog,
databox_1,Databox,API Key,databox,HIGH,true,TruffleHog,
databrickstoken_1,Databricks,Token,\b(dapi[0-9a-f]{32}(-\d)?)\b,HIGH,true,TruffleHog,
datadogapikey_1,Datadog,Apikey API Key,datadog,HIGH,true,TruffleHog,
datagov_1,Data,Gov API Key,data.gov,HIGH,true,TruffleHog,
debounce_1,Debounce,API Key,debounce,HIGH,true,TruffleHog,
deepai_1,Deep,AI API Key,deepai,HIGH,true,TruffleHog,
deepgram_1,Deepgram,API Key,deepgram,HIGH,true,TruffleHog,
deepseek_1,Deep,Seek API Key,deepseek,HIGH,true,TruffleHog,
delighted_1,Delighted,API Key,delighted,HIGH,true,TruffleHog,
demio_1,Demio,API Key,demio,HIGH,true,TruffleHog,
denodeploy_1,Deno,Deploy API Key,\b(dd[pw]_[a-zA-Z0-9]{36})\b,HIGH,true,TruffleHog,
deputy_1,Deputy,API Key,deputy,HIGH,true,TruffleHog,
detectify_1,Detectify,API Key,detectify,HIGH,true,TruffleHog,
detectlanguage_1,Detect,Language API Key,detectlanguage,HIGH,true,TruffleHog,
dfuse_1,Dfuse,API Key,\b(web\_[0-9a-z]{32})\b,HIGH,true,TruffleHog,
diffbot_1,Diffbot,API Key,diffbot,HIGH,true,TruffleHog,
diggernaut_1,Diggernaut,API Key,diggernaut,HIGH,true,TruffleHog,
digitaloceantoken_1,Digital,Ocean Token,ocean,HIGH,true,TruffleHog,
digitaloceanv2_1,Digital,Ocean V2 API Key,\b((?:dop|doo|dor)_v1_[a-f0-9]{64})\b,HIGH,true,TruffleHog,
discordbottoken_1,Discord,Bot Token,discord,HIGH,true,TruffleHog,
discordwebhook_1,Discord,Webhook API Key,"(https:\/\/discord\.com\/api\/webhooks\/[0-9]{18,19}\/[0-9a-zA-Z-]{68})",HIGH,true,TruffleHog,
disqus_1,Disqus,API Key,disqus,HIGH,true,TruffleHog,
ditto_1,Ditto,API Key,ditto,HIGH,true,TruffleHog,
dnscheck_1,Dnscheck,API Key,dnscheck,HIGH,true,TruffleHog,
docker_1,Docker,API Key,"{(?:\s|\\+[nrt])*\\*""auths\\*""(?:\s|\\+t)*:(?:\s|\\+t)*{(?:\s|\\+[nrt])*\\*""(?i:https?:\/\/)?[a-z0-9\-.:\/]+\\*""(?:\s|\\+t)*:(?:\s|\\+t)*{(?:(?:\s|\\+[nrt])*\\*""(?i:auth|email|username|password)\\*""\s*:\s*\\*"".*\\*""\s*,?)+?(?:\s|\\+[nrt])*}(?:\s|\\+[nrt])*}(?:\s|\\+[nrt])*}",HIGH,true,TruffleHog,
dockerhub_1,Dockerhub,API Key,docker,HIGH,true,TruffleHog,
dockerhub_2,Dockerhub,API Key,\b(dckr_pat_[a-zA-Z0-9_-]{27}|dckr_oat_[a-zA-Z0-9_-]{32})(?:[^a-zA-Z0-9_-]|\z),HIGH,true,TruffleHog,
docparser_1,Docparser,API Key,docparser,HIGH,true,TruffleHog,
documo_1,Documo,API Key,\b(ey[a-zA-Z0-9]{34}.ey[a-zA-Z0-9]{154}.[a-zA-Z0-9_-]{43})\b,HIGH,true,TruffleHog,
docusign_1,Docusign,API Key,integration,HIGH,true,TruffleHog,
doppler_1,Doppler,API Key,"\b(dp\.(?:ct|pt|st(?:\.[a-z0-9\-_]{2,35})?|sa|scim|audit)\.[a-zA-Z0-9]{40,44})\b",HIGH,true,TruffleHog,
dotdigital_1,Dotdigital,API Key,pw,HIGH,true,TruffleHog,
dovico_1,Dovico,API Key,dovico,HIGH,true,TruffleHog,
dronahq_1,Drona,HQ API Key,dronahq,HIGH,true,TruffleHog,
droneci_1,Drone,CI API Key,droneci,HIGH,true,TruffleHog,
dropbox_1,Dropbox,API Key,dropbox,HIGH,true,TruffleHog,
duffeltoken_1,Duffel,Token,\b(duffel_(test|live)_[A-Za-z0-9_-]{43})(?:$|[^A-Za-z0-9_-]),HIGH,true,TruffleHog,
duply_1,Duply,API Key,duply,HIGH,true,TruffleHog,
dwolla_1,Dwolla,API Key,dwolla,HIGH,true,TruffleHog,
dynalist_1,Dynalist,API Key,dynalist,HIGH,true,TruffleHog,
dyspatch_1,Dyspatch,API Key,dyspatch,HIGH,true,TruffleHog,
eagleeyenetworks_1,Eagle,Eye Networks API Key,eagleeyenetworks,HIGH,true,TruffleHog,
easyinsight_1,Easy,Insight API Key,easyinsight,HIGH,true,TruffleHog,
ecostruxureit_1,Eco,Struxure IT API Key,ecostruxureit,HIGH,true,TruffleHog,
edamam_1,Edamam,API Key,edamam,HIGH,true,TruffleHog,
edenai_1,Eden,AI API Key,edenai,HIGH,true,TruffleHog,
eightxeight_1,Eightx,Eight API Key,8x8,HIGH,true,TruffleHog,
elasticemail_1,Elastic,Email API Key,elastic,HIGH,true,TruffleHog,
elevenlabs_1,Eleven,Labs API Key,"(?i)(?:elevenlabs|xi-api-key|el|token|key)[^\.].{0,40}[ =:'""]+([a-f0-9]{32})\b",HIGH,true,TruffleHog,
elevenlabs_2,Eleven,Labs API Key,\b((?:sk)_[a-f0-9]{48})\b,HIGH,true,TruffleHog,
enablex_1,Enablex,API Key,enablex,HIGH,true,TruffleHog,
endorlabs_1,Endor,Labs API Key,\b(endr\+[a-zA-Z0-9-]{16})\b,HIGH,true,TruffleHog,
enigma_1,Enigma,API Key,enigma,HIGH,true,TruffleHog,
envoyapikey_1,Envoy,Api Key,envoy,HIGH,true,TruffleHog,
eraser_1,Eraser,API Key,eraser,HIGH,true,TruffleHog,
etherscan_1,Etherscan,API Key,etherscan,HIGH,true,TruffleHog,
ethplorer_1,Ethplorer,API Key,ethplorer,HIGH,true,TruffleHog,
eventbrite_1,Eventbrite,API Key,eventbrite,HIGH,true,TruffleHog,
everhour_1,Everhour,API Key,everhour,HIGH,true,TruffleHog,
exchangerateapi_1,Exchange,Rate API API Key,exchangerate,HIGH,true,TruffleHog,
exchangeratesapi_1,Exchange,Rates API API Key,exchangerates,HIGH,true,TruffleHog,
exportsdk_1,Export,SDK API Key,exportsdk,HIGH,true,TruffleHog,
extractorapi_1,Extractor,API API Key,extractorapi,HIGH,true,TruffleHog,
facebookoauth_1,Facebook,O Auth API Key,facebook,HIGH,true,TruffleHog,
faceplusplus_1,Face,Plus Plus API Key,faceplusplus,HIGH,true,TruffleHog,
fastforex_1,Fast,Forex API Key,fastforex,HIGH,true,TruffleHog,
fastlypersonaltoken_1,Fastly,Personal Token,fastly,HIGH,true,TruffleHog,
feedier_1,Feedier,API Key,feedier,HIGH,true,TruffleHog,
fetchrss_1,Fetchrss,API Key,fetchrss,HIGH,true,TruffleHog,
fibery_1,Fibery,API Key,fibery,HIGH,true,TruffleHog,
figmapersonalaccesstoken_1,Figma,Personal Access Token,figma,HIGH,true,TruffleHog,
fileio_1,File,IO API Key,fileio,HIGH,true,TruffleHog,
finage_1,Finage,API Key,\b(API_KEY[0-9A-Z]{32})\b,HIGH,true,TruffleHog,
financialmodelingprep_1,Financial,Modeling Prep API Key,financialmodelingprep,HIGH,true,TruffleHog,
findl_1,Findl,API Key,findl,HIGH,true,TruffleHog,
finnhub_1,Finnhub,API Key,finnhub,HIGH,true,TruffleHog,
fixerio_1,Fixer,IO API Key,fixer,HIGH,true,TruffleHog,
flatio_1,Flat,IO API Key,flat,HIGH,true,TruffleHog,
fleetbase_1,Fleetbase,API Key,\b(flb_live_[0-9a-zA-Z]{20})\b,HIGH,true,TruffleHog,
flexport_1,Flexport,API Key,\b(shltm_[0-9a-zA-Z-_]{40}),HIGH,true,TruffleHog,
flickr_1,Flickr,API Key,flickr,HIGH,true,TruffleHog,
flightapi_1,Flight,Api API Key,flightapi,HIGH,true,TruffleHog,
flightlabs_1,Flight,Labs API Key,\b(eyJ0eXAiOiJKV1QiLCJhbGciOiJSUzI1NiJ9\.ey[a-zA-Z0-9_-]+\.[a-zA-Z0-9_-]{86})\b,HIGH,true,TruffleHog,
flightstats_1,Flightstats,API Key,flightstats,HIGH,true,TruffleHog,
float_1,Float,API Key,float,HIGH,true,TruffleHog,
flowflu_1,Flow,Flu API Key,flowflu,HIGH,true,TruffleHog,
flutterwave_1,Flutterwave,API Key,\b(FLWSECK-[0-9a-z]{32}-X)\b,HIGH,true,TruffleHog,
flyio_1,Fly,IO API Key,"\b(FlyV1 fm\d+_[A-Za-z0-9+\/=,_-]{500,700})\b",HIGH,true,TruffleHog,
fmfw_1,Fmfw,API Key,fmfw,HIGH,true,TruffleHog,
formbucket_1,Form,Bucket API Key,formbucket,HIGH,true,TruffleHog,
formcraft_1,Formcraft,API Key,formcraft,HIGH,true,TruffleHog,
formio_1,Form,IO API Key,formio,HIGH,true,TruffleHog,
formsite_1,Formsite,API Key,formsite,HIGH,true,TruffleHog,
foursquare_1,Four,Square API Key,foursquare,HIGH,true,TruffleHog,
frameio_1,Frame,IO API Key,\b(fio-u-[0-9a-zA-Z_-]{64})\b,HIGH,true,TruffleHog,
freshbooks_1,Freshbooks,API Key,freshbooks,HIGH,true,TruffleHog,
freshdesk_1,Freshdesk,API Key,freshdesk,HIGH,true,TruffleHog,
front_1,Front,API Key,front,HIGH,true,TruffleHog,
ftp_1,FTP,API Key,"\bftp://[\S]{3,50}:([\S]{3,50})@[-.%\w\/:]+\b",HIGH,true,TruffleHog,
fulcrum_1,Fulcrum,API Key,fulcrum,HIGH,true,TruffleHog,
fullstory_1,Fullstory,API Key,fullstory,HIGH,true,TruffleHog,
fullstory_2,Fullstory,API Key,\b(na1\.[A-Za-z0-9\+\/]{100})\b,HIGH,true,TruffleHog,
fxmarket_1,FX,Market API Key,fxmarket,HIGH,true,TruffleHog,
gcp_1,GCP,API Key,\{[^{]+auth_provider_x509_cert_url[^}]+\},HIGH,true,TruffleHog,
gcpapplicationdefaultcredentials_1,GCP,Application Default Credentials API Key,\{[^{]+client_secret[^}]+\},HIGH,true,TruffleHog,
geckoboard_1,Geckoboard,API Key,geckoboard,HIGH,true,TruffleHog,
gemini_1,Gemini,API Key,\b((?:master-|account-)[0-9A-Za-z]{20})\b,HIGH,true,TruffleHog,
gemini_2,Gemini,API Key,"[A-Za-z0-9]{27,28}",HIGH,true,TruffleHog,
generic_1,Generic,API Key,pass,HIGH,true,TruffleHog,
generic_2,Generic,API Key,"(\b[\x21-\x7e]{16,64}\b)",HIGH,true,TruffleHog,
gengo_1,Gengo,API Key,gengo,HIGH,true,TruffleHog,
geoapify_1,Geoapify,API Key,geoapify,HIGH,true,TruffleHog,
geocode_1,Geocode,API Key,geocode,HIGH,true,TruffleHog,
geocodify_1,Geocodify,API Key,geocodify,HIGH,true,TruffleHog,
geocodio_1,Geocodio,API Key,geocod,HIGH,true,TruffleHog,
geoipifi_1,Geo,Ipifi API Key,ipifi,HIGH,true,TruffleHog,
getemail_1,Get,Email API Key,getemail,HIGH,true,TruffleHog,
getemails_1,Get,Emails API Key,getemails,HIGH,true,TruffleHog,
getgeoapi_1,Get,Geo API API Key,getgeoapi,HIGH,true,TruffleHog,
getgist_1,Getgist,API Key,getgist,HIGH,true,TruffleHog,
getresponse_1,Getresponse,API Key,getresponse,HIGH,true,TruffleHog,
getsandbox_1,Get,Sandbox API Key,getsandbox,HIGH,true,TruffleHog,
github_1,Github,API Key,github_token,HIGH,true,TruffleHog,
github_2,Github,API Key,"\b((?:ghp|gho|ghu|ghs|ghr|github_pat)_[a-zA-Z0-9_]{36,255})\b",HIGH,true,TruffleHog,
githubapp_1,Git,Hub App API Key,github,HIGH,true,TruffleHog,
gitlab_1,Gitlab,API Key,gitlab,HIGH,true,TruffleHog,
gitlab_2,Gitlab,API Key,"\b(glpat-[a-zA-Z0-9\-=_]{20,22})\b",HIGH,true,TruffleHog,
gitlab_3,Gitlab,API Key,"\b(glpat-[a-zA-Z0-9\-=_]{27,300}.[0-9a-z]{2}.[a-z0-9]{9})\b",HIGH,true,TruffleHog,
gitlaboauth2_1,Git,Lab Oauth2 API Key,application_id,HIGH,true,TruffleHog,
gitlaboauth2_2,Git,Lab Oauth2 API Key,\b(gloas-[0-9a-f]{64})\b,HIGH,true,TruffleHog,
gitter_1,Gitter,API Key,gitter,HIGH,true,TruffleHog,
glassnode_1,Glassnode,API Key,glassnode,HIGH,true,TruffleHog,
gocanvas_1,Go,Canvas API Key,gocanvas,HIGH,true,TruffleHog,
gocardless_1,Go,Cardless API Key,"\b(live_[0-9A-Za-z\_\-]{40}[ ""'\r\n]{1})",HIGH,true,TruffleHog,
godaddy_1,Go,Daddy API Key,godaddy,HIGH,true,TruffleHog,
goodday_1,Good,Day API Key,goodday,HIGH,true,TruffleHog,
googlegeminiapikey_1,Google,Gemini API Key,\b(AIzaSy[A-Za-z0-9_-]{33}),HIGH,true,TruffleHog,
googleoauth2_1,Google,Oauth2 API Key,"\b(ya29\.(?i:[a-z0-9_-]{10,}))(?:[^a-z0-9_-]|\z)",HIGH,true,TruffleHog,
grafana_1,Grafana,API Key,"\b(glc_eyJ[A-Za-z0-9+\/=]{60,160})",HIGH,true,TruffleHog,
grafanaserviceaccount_1,Grafana,Service Account API Key,\b(glsa_[0-9a-zA-Z_]{41})\b,HIGH,true,TruffleHog,
graphcms_1,Graph,CMS API Key,\b(ey[a-zA-Z0-9]{73}.ey[a-zA-Z0-9]{365}.[a-zA-Z0-9_-]{683})\b,HIGH,true,TruffleHog,
graphcms_2,Graph,CMS API Key,graph,HIGH,true,TruffleHog,
graphhopper_1,Graphhopper,API Key,graphhopper,HIGH,true,TruffleHog,
groovehq_1,Groovehq,API Key,groove,HIGH,true,TruffleHog,
groq_1,Groq,API Key,\b(gsk_[a-zA-Z0-9]{52})\b,HIGH,true,TruffleHog,
gtmetrix_1,GT,Metrix API Key,gtmetrix,HIGH,true,TruffleHog,
guardianapi_1,Guardianapi,API Key,guardian,HIGH,true,TruffleHog,
gumroad_1,Gumroad,API Key,gumroad,HIGH,true,TruffleHog,
gyazo_1,Gyazo,API Key,gyazo,HIGH,true,TruffleHog,
happyscribe_1,Happyscribe,API Key,happyscribe,HIGH,true,TruffleHog,
harness_1,Harness,API Key,harness,HIGH,true,TruffleHog,
harvest_1,Harvest,API Key,harvest,HIGH,true,TruffleHog,
hashicorpvaultauth_1,Hashi,Corp Vault Auth API Key,role,HIGH,true,TruffleHog,
hasura_1,Hasura,API Key,hasura,HIGH,true,TruffleHog,
hellosign_1,Hello,Sign API Key,hellosign,HIGH,true,TruffleHog,
helpcrunch_1,Help,Crunch API Key,helpcrunch,HIGH,true,TruffleHog,
helpscout_1,Helpscout,API Key,helpscout,HIGH,true,TruffleHog,
hereapi_1,Here,API API Key,hereapi,HIGH,true,TruffleHog,
heroku_1,Heroku,API Key,heroku,HIGH,true,TruffleHog,
heroku_2,Heroku,API Key,\b(HRKU-AA[0-9a-zA-Z_-]{58})\b,HIGH,true,TruffleHog,
hive_1,Hive,API Key,hive,HIGH,true,TruffleHog,
hiveage_1,Hiveage,API Key,hiveage,HIGH,true,TruffleHog,
holidayapi_1,Holiday,API API Key,holidayapi,HIGH,true,TruffleHog,
holistic_1,Holistic,API Key,holistic,HIGH,true,TruffleHog,
honeycomb_1,Honeycomb,API Key,Honeycomb,HIGH,true,TruffleHog,
host_1,Host,API Key,host,HIGH,true,TruffleHog,
html2pdf_1,Html2Pdf,API Key,html2pdf,HIGH,true,TruffleHog,
hubspotapikey_1,Hub,Spot Api Key,hubapi,HIGH,true,TruffleHog,
hubspotapikey_2,Hub,Spot Api Key,\b(pat-(?:eu|na)1-[A-Za-z0-9]{8}\-[A-Za-z0-9]{4}\-[A-Za-z0-9]{4}\-[A-Za-z0-9]{4}\-[A-Za-z0-9]{12})\b,HIGH,true,TruffleHog,
huggingface_1,Hugging,Face API Key,\b(?:hf_|api_org_)[a-zA-Z0-9]{34}\b,HIGH,true,TruffleHog,
humanity_1,Humanity,API Key,humanity,HIGH,true,TruffleHog,
hunter_1,Hunter,API Key,hunter,HIGH,true,TruffleHog,
hybiscus_1,Hybiscus,API Key,hybiscus,HIGH,true,TruffleHog,
hypertrack_1,Hypertrack,API Key,hypertrack,HIGH,true,TruffleHog,
ibmclouduserkey_1,Ibm,Cloud User Key,ibm,HIGH,true,TruffleHog,
iconfinder_1,Icon,Finder API Key,iconfinder,HIGH,true,TruffleHog,
iexapis_1,Iexapis,API Key,iexapis,HIGH,true,TruffleHog,
iexcloud_1,Iexcloud,API Key,iexcloud,HIGH,true,TruffleHog,
imagekit_1,Imagekit,API Key,imagekit,HIGH,true,TruffleHog,
imagga_1,Imagga,API Key,imagga,HIGH,true,TruffleHog,
impala_1,Impala,API Key,impala,HIGH,true,TruffleHog,
infura_1,Infura,API Key,infura,HIGH,true,TruffleHog,
insightly_1,Insightly,API Key,insightly,HIGH,true,TruffleHog,
instabot_1,Instabot,API Key,instabot,HIGH,true,TruffleHog,
instamojo_1,Instamojo,API Key,instamojo,HIGH,true,TruffleHog,
intercom_1,Intercom,API Key,intercom,HIGH,true,TruffleHog,
interseller_1,Interseller,API Key,interseller,HIGH,true,TruffleHog,
intra42_1,Intra42,API Key,\b(s-s4t2(?:ud|af)-[a-f0-9]{64})\b,HIGH,true,TruffleHog,
intra42_2,Intra42,API Key,\b(u-s4t2(?:ud|af)-[a-f0-9]{64})\b,HIGH,true,TruffleHog,
intrinio_1,Intrinio,API Key,intrinio,HIGH,true,TruffleHog,
invoiceocean_1,Invoice,Ocean API Key,invoiceocean,HIGH,true,TruffleHog,
ip2location_1,Ip2location,API Key,ip2location,HIGH,true,TruffleHog,
ipapi_1,Ipapi,API Key,ipapi,HIGH,true,TruffleHog,
ipgeolocation_1,IP,Geolocation API Key,ipgeolocation,HIGH,true,TruffleHog,
ipinfo_1,IP,Info API Key,ipinfo,HIGH,true,TruffleHog,
ipinfodb_1,I,Pinfo DB API Key,ipinfodb,HIGH,true,TruffleHog,
ipquality_1,IP,Quality API Key,ipquality,HIGH,true,TruffleHog,
ipstack_1,Ip,Stack API Key,ipstack,HIGH,true,TruffleHog,
jdbc_1,JDBC,API Key,"(?i)jdbc:[\w]{3,10}:[^\s""'<>,{}[\]]{10,511}[^\s""'<>,{}[\]()&]",HIGH,true,TruffleHog,
jdbc_2,JDBC,API Key,(?i)pass.*?=(.+?)\b,HIGH,true,TruffleHog,
jiratoken_2,Jira,Token,\b(ATATT[A-Za-z0-9+/=_-]+=[A-Za-z0-9]{8})\b,HIGH,true,TruffleHog,
jotform_1,Jotform,API Key,jotform,HIGH,true,TruffleHog,
jumpcloud_1,Jumpcloud,API Key,jumpcloud,HIGH,true,TruffleHog,
jupiterone_1,Jupiter,One API Key,jupiterone,HIGH,true,TruffleHog,
juro_1,Juro,API Key,juro,HIGH,true,TruffleHog,
jwt_1,JWT,API Key,"\b((?:eyJ|ewogIC|ewoid)[A-Za-z0-9_-]{12,}={0,2}\.(?:eyJ|ewo)[A-Za-z0-9_-]{12,}={0,2}\.[A-Za-z0-9_-]{12,})\b",HIGH,true,TruffleHog,
kanban_1,Kanban,API Key,kanban,HIGH,true,TruffleHog,
kanbantool_1,Kanbantool,API Key,kanbantool,HIGH,true,TruffleHog,
karmacrm_1,Karma,CRM API Key,karma,HIGH,true,TruffleHog,
keenio_1,Keen,IO API Key,keen,HIGH,true,TruffleHog,
kickbox_1,Kickbox,API Key,kickbox,HIGH,true,TruffleHog,
klaviyo_1,Klaviyo,API Key,\b(pk_([0-9a-f]{34}|[A-Za-z0-9]{6}_[0-9a-f]{34}))\b,HIGH,true,TruffleHog,
klipfolio_1,Klipfolio,API Key,klipfolio,HIGH,true,TruffleHog,
knapsackpro_1,Knapsack,Pro API Key,knapsackpro,HIGH,true,TruffleHog,
kontent_1,Kontent,API Key,kontent,HIGH,true,TruffleHog,
kraken_1,Kraken,API Key,kraken,HIGH,true,TruffleHog,
kucoin_1,Ku,Coin API Key,kucoin,HIGH,true,TruffleHog,
kylas_1,Kylas,API Key,kylas,HIGH,true,TruffleHog,
langfuse_1,Langfuse,API Key,langfuse,HIGH,true,TruffleHog,
langsmith_1,Lang,Smith API Key,\b(lsv2_(?:pt|sk)_[a-f0-9]{32}_[a-f0-9]{10})\b,HIGH,true,TruffleHog,
languagelayer_1,Language,Layer API Key,languagelayer,HIGH,true,TruffleHog,
larksuite_1,Lark,Suite API Key,lark,HIGH,true,TruffleHog,
launchdarkly_1,Launch,Darkly API Key,\b((?:api|sdk)-[a-z0-9]{8}-[a-z0-9]{4}-4[a-z0-9]{3}-[a-z0-9]{4}-[a-z0-9]{12})\b,HIGH,true,TruffleHog,
ldap_2,LDAP,API Key,"OpenDSObject\(\""(?i)(ldaps?://[\S]+)\"", ?\""([\S]+)\"", ?\""([\S]+)\"",[ \d]+\)",HIGH,true,TruffleHog,
leadfeeder_1,Leadfeeder,API Key,leadfeeder,HIGH,true,TruffleHog,
lemlist_1,Lemlist,API Key,lemlist,HIGH,true,TruffleHog,
lemonsqueezy_1,Lemon,Squeezy API Key,lemonsqueezy,HIGH,true,TruffleHog,
lendflow_1,Lendflow,API Key,lendflow,HIGH,true,TruffleHog,
lessannoyingcrm_1,Less,Annoying CRM API Key,less,HIGH,true,TruffleHog,
lexigram_1,Lexigram,API Key,lexigram,HIGH,true,TruffleHog,
linearapi_1,Linear,API API Key,\b(lin_api_[0-9A-Za-z]{40})\b,HIGH,true,TruffleHog,
linemessaging_1,Line,Messaging API Key,line,HIGH,true,TruffleHog,
linenotify_1,Line,Notify API Key,linenotify,HIGH,true,TruffleHog,
linkpreview_1,Link,Preview API Key,linkpreview,HIGH,true,TruffleHog,
liveagent_1,Live,Agent API Key,liveagent,HIGH,true,TruffleHog,
livestorm_1,Livestorm,API Key,livestorm,HIGH,true,TruffleHog,
loadmill_1,Loadmill,API Key,loadmill,HIGH,true,TruffleHog,
lob_1,Lob,API Key,\b((live|test)_[a-zA-Z0-9_]{35})\b,HIGH,true,TruffleHog,
locationiq_1,Location,IQ API Key,\b(pk\.[a-zA-Z-0-9]{32})\b,HIGH,true,TruffleHog,
loggly_1,Loggly,API Key,loggly,HIGH,true,TruffleHog,
loginradius_1,Loginradius,API Key,loginradius,HIGH,true,TruffleHog,
logzio_1,Logz,IO API Key,logz,HIGH,true,TruffleHog,
lokalisetoken_1,Lokalise,Token,lokalise,HIGH,true,TruffleHog,
loyverse_1,Loyverse,API Key,loyverse,HIGH,true,TruffleHog,
lunchmoney_1,Lunch,Money API Key,lunchmoney,HIGH,true,TruffleHog,
luno_1,Luno,API Key,luno,HIGH,true,TruffleHog,
m3o_1,M3o,API Key,m3o,HIGH,true,TruffleHog,
madkudu_1,Mad,Kudu API Key,madkudu,HIGH,true,TruffleHog,
magicbell_1,Magic,Bell API Key,magicbell,HIGH,true,TruffleHog,
magnetic_1,Magnetic,API Key,magnetic,HIGH,true,TruffleHog,
mailboxlayer_1,Mailboxlayer,API Key,mailboxlayer,HIGH,true,TruffleHog,
mailchimp_1,Mailchimp,API Key,"[0-9a-f]{32}-us[0-9]{1,2}",HIGH,true,TruffleHog,
mailerlite_1,Mailerlite,API Key,mailerlite,HIGH,true,TruffleHog,
mailgun_1,Mailgun,API Key,mailgun,HIGH,true,TruffleHog,
mailgun_2,Mailgun,API Key,\b(key-[a-z0-9]{32})\b,HIGH,true,TruffleHog,
mailgun_3,Mailgun,API Key,\b([a-f0-9]{32}-[a-f0-9]{8}-[a-f0-9]{8})\b,HIGH,true,TruffleHog,
mailjetbasicauth_1,Mail,Jet Basic Auth API Key,mailjet,HIGH,true,TruffleHog,
mailmodo_1,Mailmodo,API Key,mailmodo,HIGH,true,TruffleHog,
mailsac_1,Mailsac,API Key,mailsac,HIGH,true,TruffleHog,
mandrill_1,Mandrill,API Key,mandrill,HIGH,true,TruffleHog,
manifest_1,Manifest,API Key,manifest,HIGH,true,TruffleHog,
mapbox_1,Map,Box API Key,"([a-zA-Z-0-9]{4,32})",HIGH,true,TruffleHog,
mapbox_2,Map,Box API Key,"\b(sk\.[a-zA-Z-0-9\.]{80,240})\b",HIGH,true,TruffleHog,
mapquest_1,Mapquest,API Key,mapquest,HIGH,true,TruffleHog,
marketstack_1,Marketstack,API Key,marketstack,HIGH,true,TruffleHog,
mattermostpersonaltoken_1,Mattermost,Personal Token,mattermost,HIGH,true,TruffleHog,
mavenlink_1,Mavenlink,API Key,mavenlink,HIGH,true,TruffleHog,
maxmindlicense_1,Max,Mind License API Key,maxmind,HIGH,true,TruffleHog,
maxmindlicense_3,Max,Mind License API Key,\b([a-zA-Z0-9]{6}_[a-zA-Z0-9]{29}_mmk)\b,HIGH,true,TruffleHog,
meaningcloud_1,Meaning,Cloud API Key,meaningcloud,HIGH,true,TruffleHog,
mediastack_1,Media,Stack API Key,mediastack,HIGH,true,TruffleHog,
meistertask_1,Meistertask,API Key,meistertask,HIGH,true,TruffleHog,
meraki_1,Meraki,API Key,meraki,HIGH,true,TruffleHog,
mesibo_1,Mesibo,API Key,mesibo,HIGH,true,TruffleHog,
messagebird_1,Message,Bird API Key,messagebird,HIGH,true,TruffleHog,
metaapi_1,Meta,API API Key,metaapi,HIGH,true,TruffleHog,
metabase_1,Metabase,API Key,metabase,HIGH,true,TruffleHog,
metrilo_1,Metrilo,API Key,metrilo,HIGH,true,TruffleHog,
microsoftteamswebhook_1,Microsoft,Teams Webhook API Key,(https:\/\/[a-zA-Z-0-9]+\.webhook\.office\.com\/webhookb2\/[a-zA-Z-0-9]{8}-[a-zA-Z-0-9]{4}-[a-zA-Z-0-9]{4}-[a-zA-Z-0-9]{4}-[a-zA-Z-0-9]{12}\@[a-zA-Z-0-9]{8}-[a-zA-Z-0-9]{4}-[a-zA-Z-0-9]{4}-[a-zA-Z-0-9]{4}-[a-zA-Z-0-9]{12}\/IncomingWebhook\/[a-zA-Z-0-9]{32}\/[a-zA-Z-0-9]{8}-[a-zA-Z-0-9]{4}-[a-zA-Z-0-9]{4}-[a-zA-Z-0-9]{4}-[a-zA-Z-0-9]{12}),HIGH,true,TruffleHog,
mindmeister_1,Mindmeister,API Key,mindmeister,HIGH,true,TruffleHog,
miro_1,Miro,API Key,miro,HIGH,true,TruffleHog,
mite_1,Mite,API Key,mite,HIGH,true,TruffleHog,
mixmax_1,Mixmax,API Key,mixmax,HIGH,true,TruffleHog,
mixpanel_1,Mixpanel,API Key,mixpanel,HIGH,true,TruffleHog,
mockaroo_1,Mockaroo,API Key,mockaroo,HIGH,true,TruffleHog,
moderation_1,Moderation,API Key,moderation,HIGH,true,TruffleHog,
monday_1,Monday,API Key,monday,HIGH,true,TruffleHog,
mongodb_1,Mongo,DB API Key,"\b(mongodb(?:\+srv)?://(?P<username>\S{3,50}):(?P<password>\S{3,88})@(?P<host>[-.%\w]+(?::\d{1,5})?(?:,[-.%\w]+(?::\d{1,5})?)*)(?:/(?P<authdb>[\w-]+)?(?P<options>\?\w+=[\w@/.$-]+(?:&(?:amp;)?\w+=[\w@/.$-]+)*)?)?)(?:\b|$)",HIGH,true,TruffleHog,
monkeylearn_1,Monkey,Learn API Key,monkeylearn,HIGH,true,TruffleHog,
moonclerk_1,Moonclerk,API Key,moonclerk,HIGH,true,TruffleHog,
moosend_1,Moosend,API Key,moosend,HIGH,true,TruffleHog,
moralis_1,Moralis,API Key,moralis,HIGH,true,TruffleHog,
mrticktock_1,Mrticktock,API Key,mrticktock,HIGH,true,TruffleHog,
mux_1,Mux,API Key,mux,HIGH,true,TruffleHog,
myfreshworks_1,Myfreshworks,API Key,freshworks,HIGH,true,TruffleHog,
myintervals_1,My,Intervals API Key,myintervals,HIGH,true,TruffleHog,
nasdaqdatalink_1,Nasdaq,Data Link API Key,nasdaq,HIGH,true,TruffleHog,
nethunt_1,Nethunt,API Key,nethunt,HIGH,true,TruffleHog,
netlify_1,Netlify,API Key,netlify,HIGH,true,TruffleHog,
netsuite_1,Netsuite,API Key,netsuite,HIGH,true,TruffleHog,
neutrinoapi_1,Neutrino,Api API Key,neutrinoapi,HIGH,true,TruffleHog,
newrelicinsightsinsertkey_1,New,Relic Insights Insert Key,\b(NRII-[a-zA-Z0-9-_]{25}),HIGH,true,TruffleHog,
newrelicpersonalapikey_1,New,Relic Personal Api Key,newrelic,HIGH,true,TruffleHog,
newsapi_1,Newsapi,API Key,newsapi,HIGH,true,TruffleHog,
newscatcher_1,Newscatcher,API Key,newscatcher,HIGH,true,TruffleHog,
nexmoapikey_1,Nexmo,Api Key,nexmo,HIGH,true,TruffleHog,
nftport_1,Nftport,API Key,nftport,HIGH,true,TruffleHog,
ngc_1,NGC,API Key,\b([[:alnum:]]{84})\b,HIGH,true,TruffleHog,
ngc_2,NGC,API Key,\b([[:alnum:]]{26}:[[:alnum:]]{8}-[[:alnum:]]{4}-[[:alnum:]]{4}-[[:alnum:]]{4}-[[:alnum:]]{12})\b,HIGH,true,TruffleHog,
ngrok_1,Ngrok,API Key,ngrok,HIGH,true,TruffleHog,
nicereply_1,Nicereply,API Key,nicereply,HIGH,true,TruffleHog,
nightfall_1,Nightfall,API Key,\b(NF\-[a-zA-Z0-9]{32})\b,HIGH,true,TruffleHog,
nimble_1,Nimble,API Key,nimble,HIGH,true,TruffleHog,
noticeable_1,Noticeable,API Key,noticeable,HIGH,true,TruffleHog,
notion_1,Notion,API Key,\b(secret_[A-Za-z0-9]{43})\b,HIGH,true,TruffleHog,
nozbeteams_1,Nozbe,Teams API Key,nozbe,HIGH,true,TruffleHog,
npmtoken_1,Npm,Token,npm,HIGH,true,TruffleHog,
npmtoken_2,Npm,Token,(npm_[0-9a-zA-Z]{36}),HIGH,true,TruffleHog,
nugetapikey_1,Nu,Get Api Key,nuget,HIGH,true,TruffleHog,
numverify_1,Numverify,API Key,numverify,HIGH,true,TruffleHog,
nutritionix_1,Nutritionix,API Key,nutritionix,HIGH,true,TruffleHog,
nvapi_1,NVAPI,API Key,\b(nvapi-[a-zA-Z0-9_-]{64})\b,HIGH,true,TruffleHog,
nylas_1,Nylas,API Key,nylas,HIGH,true,TruffleHog,
oanda_1,Oanda,API Key,oanda,HIGH,true,TruffleHog,
octopusdeploy_1,Octopus,Deploy API Key,"\b(API-[A-Z0-9]{29,34})\b",HIGH,true,TruffleHog,
okta_1,Okta,API Key,\b00[a-zA-Z0-9_-]{40}\b,HIGH,true,TruffleHog,
omnisend_1,Omnisend,API Key,omnisend,HIGH,true,TruffleHog,
onedesk_1,Onedesk,API Key,onedesk,HIGH,true,TruffleHog,
onelogin_1,One,Login API Key,"(?i)id[a-zA-Z0-9_' ""=]{0,20}([a-z0-9]{64})",HIGH,true,TruffleHog,
onelogin_2,One,Login API Key,"(?i)secret[a-zA-Z0-9_' ""=]{0,20}([a-z0-9]{64})",HIGH,true,TruffleHog,
onepagecrm_1,Onepage,CRM API Key,onepagecrm,HIGH,true,TruffleHog,
onesignal_1,Onesignal,API Key,onesignal,HIGH,true,TruffleHog,
onfleet_1,Onfleet,API Key,onfleet,HIGH,true,TruffleHog,
oopspam_1,OOP,Spam API Key,oopspam,HIGH,true,TruffleHog,
openai_1,Open,AI API Key,\b(sk-(?:(?:proj|svcacct|service)-[A-Za-z0-9_-]+|[a-zA-Z0-9]+)T3BlbkFJ[A-Za-z0-9_-]+)\b,HIGH,true,TruffleHog,
openaiadmin_1,Open,AI Admin API Key,\b(sk-admin-[A-Za-z0-9_-]{58}T3BlbkFJ[A-Za-z0-9_-]{58})\b,HIGH,true,TruffleHog,
opencagedata_1,Open,Cage Data API Key,opencagedata,HIGH,true,TruffleHog,
openrouter_1,Open,Router API Key,\b(sk-or-v1-[0-9a-f]{64})\b,HIGH,true,TruffleHog,
openuv_1,Openuv,API Key,openuv,HIGH,true,TruffleHog,
openvpn_1,Open,Vpn API Key,openvpn,HIGH,true,TruffleHog,
openweather_1,Open,Weather API Key,openweather,HIGH,true,TruffleHog,
opsgenie_1,Opsgenie,API Key,opsgenie,HIGH,true,TruffleHog,
optimizely_1,Optimizely,API Key,optimizely,HIGH,true,TruffleHog,
overloop_1,Overloop,API Key,overloop,HIGH,true,TruffleHog,
owlbot_1,Owlbot,API Key,owlbot,HIGH,true,TruffleHog,
packagecloud_1,Package,Cloud API Key,packagecloud,HIGH,true,TruffleHog,
pagarme_1,Pagarme,API Key,\b(ak_live_[a-zA-Z0-9]{30})\b,HIGH,true,TruffleHog,
pagerdutyapikey_1,Pager,Duty Api Key,pagerduty,HIGH,true,TruffleHog,
pandadoc_1,Pandadoc,API Key,pandadoc,HIGH,true,TruffleHog,
pandascore_1,Panda,Score API Key,pandascore,HIGH,true,TruffleHog,
paperform_1,Paperform,API Key,paperform,HIGH,true,TruffleHog,
paralleldots_1,Parallel,Dots API Key,paralleldots,HIGH,true,TruffleHog,
parsehub_1,Parsehub,API Key,parsehub,HIGH,true,TruffleHog,
parsers_1,Parsers,API Key,parsers,HIGH,true,TruffleHog,
parseur_1,Parseur,API Key,parseur[^il],HIGH,true,TruffleHog,
partnerstack_1,Partnerstack,API Key,partnerstack,HIGH,true,TruffleHog,
pastebin_1,Pastebin,API Key,pastebin,HIGH,true,TruffleHog,
paydirtapp_1,Paydirtapp,API Key,paydirtapp,HIGH,true,TruffleHog,
paymoapp_1,Paymoapp,API Key,paymoapp,HIGH,true,TruffleHog,
paymongo_1,Paymongo,API Key,paymongo,HIGH,true,TruffleHog,
paypaloauth_1,Paypal,Oauth API Key,\b([A-Za-z0-9_\.]{7}-[A-Za-z0-9_\.]{72}|[A-Za-z0-9_\.]{5}-[A-Za-z0-9_\.]{38})\b,HIGH,true,TruffleHog,
paypaloauth_2,Paypal,Oauth API Key,"\b([A-Za-z0-9_\.\-]{44,80})\b",HIGH,true,TruffleHog,
paystack_1,Paystack,API Key,"\b(sk\_[a-z]{1,}\_[A-Za-z0-9]{40})\b",HIGH,true,TruffleHog,
pdflayer_1,Pdf,Layer API Key,pdflayer,HIGH,true,TruffleHog,
pdfshift_1,Pdf,Shift API Key,pdfshift,HIGH,true,TruffleHog,
peopledatalabs_1,People,Data Labs API Key,peopledatalabs,HIGH,true,TruffleHog,
pepipost_1,Pepipost,API Key,pepipost,HIGH,true,TruffleHog,
percy_1,Percy,API Key,percy,HIGH,true,TruffleHog,
pganalyzereadkey_1,Pg,Analyze Read Key,\b(pgar_[A-Za-z0-9]{27})\b,HIGH,true,TruffleHog,
photoroom_1,Photoroom,API Key,photoroom,HIGH,true,TruffleHog,
phraseaccesstoken_1,Phrase,Access Token,phrase,HIGH,true,TruffleHog,
pinata_1,Pinata,API Key,pinata,HIGH,true,TruffleHog,
pinecone_1,Pinecone,API Key,"\b(pcsk_([A-Za-z0-9]{5,6})_[A-Za-z0-9]{63})\b",HIGH,true,TruffleHog,
pipedream_1,Pipedream,API Key,pipedream,HIGH,true,TruffleHog,
pipedrive_1,Pipedrive,API Key,pipedrive,HIGH,true,TruffleHog,
pivotaltracker_1,Pivotal,Tracker API Key,pivotal,HIGH,true,TruffleHog,
pixabay_1,Pixabay,API Key,pixabay,HIGH,true,TruffleHog,
plaidkey_1,Plaid,Key,plaid,HIGH,true,TruffleHog,
planetscale_1,Planet,Scale API Key,\bpscale_tkn_[A-Za-z0-9_]{43}\b,HIGH,true,TruffleHog,
planetscaledb_1,Planet,Scale Db API Key,\bpscale_pw_[A-Za-z0-9_]{43}\b,HIGH,true,TruffleHog,
planviewleankit_1,Planview,Lean Kit API Key,planviewleankit,HIGH,true,TruffleHog,
planyo_1,Planyo,API Key,planyo,HIGH,true,TruffleHog,
plivo_1,Plivo,API Key,plivo,HIGH,true,TruffleHog,
podio_1,Podio,API Key,podio,HIGH,true,TruffleHog,
pollsapi_1,Polls,API API Key,pollsapi,HIGH,true,TruffleHog,
poloniex_1,Poloniex,API Key,poloniex,HIGH,true,TruffleHog,
polygon_1,Polygon,API Key,polygon,HIGH,true,TruffleHog,
portainer_1,Portainer,API Key,portainer,HIGH,true,TruffleHog,
portainertoken_1,Portainer,Token,portainertoken,HIGH,true,TruffleHog,
positionstack_1,Position,Stack API Key,positionstack,HIGH,true,TruffleHog,
postageapp_1,Postage,App API Key,postageapp,HIGH,true,TruffleHog,
postbacks_1,Postbacks,API Key,postbacks,HIGH,true,TruffleHog,
posthogapp_1,Posthog,App API Key,\b(phx_[a-zA-Z0-9_]{43})\b,HIGH,true,TruffleHog,
postman_1,Postman,API Key,\b(PMAK-[a-zA-Z-0-9]{59})\b,HIGH,true,TruffleHog,
postmark_1,Postmark,API Key,postmark,HIGH,true,TruffleHog,
powrbot_1,Powrbot,API Key,powrbot,HIGH,true,TruffleHog,
prefect_1,Prefect,API Key,\b(pnu_[a-zA-Z0-9]{36})\b,HIGH,true,TruffleHog,
privacy_1,Privacy,API Key,privacy,HIGH,true,TruffleHog,
privatekey_1,Private,Key,(?i)-----\s*?BEGIN[ A-Z0-9_-]*?PRIVATE KEY\s*?-----[\s\S]*?----\s*?END[ A-Z0-9_-]*? PRIVATE KEY\s*?-----,HIGH,true,TruffleHog,
prodpad_1,Prodpad,API Key,prodpad,HIGH,true,TruffleHog,
prospectcrm_1,Prospect,CRM API Key,prospect,HIGH,true,TruffleHog,
protocolsio_1,Protocols,IO API Key,protocols,HIGH,true,TruffleHog,
proxycrawl_1,Proxy,Crawl API Key,proxycrawl,HIGH,true,TruffleHog,
pubnubpublishkey_1,Pub,Nub Publish Key,\b(pub-c-[0-9a-z]{8}-[0-9a-z]{4}-[a-z0-9]{4}-[a-z0-9]{4}-[a-z0-9]{12})\b,HIGH,true,TruffleHog,
pubnubpublishkey_2,Pub,Nub Publish Key,\b(sub-c-[0-9a-z]{8}-[a-z0-9]{4}-[a-z0-9]{4}-[a-z0-9]{4}-[a-z0-9]{12})\b,HIGH,true,TruffleHog,
pulumi_1,Pulumi,API Key,\b(pul-[a-z0-9]{40})\b,HIGH,true,TruffleHog,
purestake_1,Pure,Stake API Key,purestake,HIGH,true,TruffleHog,
pushbulletapikey_1,Push,Bullet Api Key,pushbullet,HIGH,true,TruffleHog,
pusherchannelkey_1,Pusher,Channel Key,pusher,HIGH,true,TruffleHog,
pusherchannelkey_2,Pusher,Channel Key,key,HIGH,true,TruffleHog,
pypi_1,Py,PI API Key,"(pypi-AgEIcHlwaS5vcmcCJ[a-zA-Z0-9-_]{150,157})",HIGH,true,TruffleHog,
qase_1,Qase,API Key,qase,HIGH,true,TruffleHog,
qualaroo_1,Qualaroo,API Key,qualaroo,HIGH,true,TruffleHog,
qubole_1,Qubole,API Key,qubole,HIGH,true,TruffleHog,
rabbitmq_1,Rabbit,MQ API Key,"\b(?:amqps?):\/\/[\S]{3,50}:([\S]{3,50})@[-.%\w\/:]+\b",HIGH,true,TruffleHog,
railwayapp_1,Railway,App API Key,railway,HIGH,true,TruffleHog,
ramp_1,Ramp,API Key,\b(ramp_id_[[:alnum:]]{40})\b,HIGH,true,TruffleHog,
ramp_2,Ramp,API Key,\b(ramp_sec_[[:alnum:]]{48})\b,HIGH,true,TruffleHog,
rapidapi_1,Rapid,Api API Key,rapidapi,HIGH,true,TruffleHog,
raven_1,Raven,API Key,raven,HIGH,true,TruffleHog,
rawg_1,Rawg,API Key,rawg,HIGH,true,TruffleHog,
razorpay_1,Razor,Pay API Key,(?i)\brzp_live_[A-Za-z0-9]{14}\b,HIGH,true,TruffleHog,
razorpay_2,Razor,Pay API Key,\b[A-Za-z0-9]{24}\b,HIGH,true,TruffleHog,
reachmail_1,Reachmail,API Key,reachmail,HIGH,true,TruffleHog,
readme_1,Read,Me API Key,(rdme_[a-z0-9]{70}),HIGH,true,TruffleHog,
reallysimplesystems_1,Really,Simple Systems API Key,"\b(ey[a-zA-Z0-9-._]{153}.ey[a-zA-Z0-9-._]{916,1000})\b",HIGH,true,TruffleHog,
rebrandly_1,Rebrandly,API Key,rebrandly,HIGH,true,TruffleHog,
rechargepayments_1,Recharge,Payments API Key,\bsk(_test)?_(1|2|3|5|10)x[123]_[0-9a-fA-F]{64}\b,HIGH,true,TruffleHog,
rechargepayments_2,Recharge,Payments API Key,\b[0-9a-fA-F]{56}\b,HIGH,true,TruffleHog,
rechargepayments_3,Recharge,Payments API Key,\b[0-9a-fA-F]{32}\b,HIGH,true,TruffleHog,
redhatpyxis_1,Red,Hat Pyxis API Key,redhat,HIGH,true,TruffleHog,
redis_1,Redis,API Key,"\bredi[s]{1,2}://[\S]{3,50}:([\S]{3,50})@[-.%\w\/:]+\b",HIGH,true,TruffleHog,
redis_2,Redis,API Key,"\b([\w\d.-]{1,100}\.redis\.cache\.windows\.net:6380),password=([^,]{44}),ssl=True,abortConnect=False\b",HIGH,true,TruffleHog,
refiner_1,Refiner,API Key,refiner,HIGH,true,TruffleHog,
rentman_1,Rentman,API Key,rentman,HIGH,true,TruffleHog,
repairshopr_1,Repairshopr,API Key,repairshopr,HIGH,true,TruffleHog,
replicate_1,Replicate,API Key,\b(r8_[0-9A-Za-z-_]{37})\b,HIGH,true,TruffleHog,
replyio_1,Reply,IO API Key,replyio,HIGH,true,TruffleHog,
requestfinance_1,Request,Finance API Key,requestfinance,HIGH,true,TruffleHog,
restpackhtmltopdfapi_1,Restpack,Html To Pdf API API Key,restpack,HIGH,true,TruffleHog,
rev_1,Rev,API Key,rev,HIGH,true,TruffleHog,
revampcrm_1,Revamp,CRM API Key,revamp,HIGH,true,TruffleHog,
ringcentral_1,Ring,Central API Key,ringcentral,HIGH,true,TruffleHog,
ritekit_1,Rite,Kit API Key,ritekit,HIGH,true,TruffleHog,
roaring_1,Roaring,API Key,roaring,HIGH,true,TruffleHog,
robinhoodcrypto_1,Robinhood,Crypto API Key,\b(rh-api-[0-9a-fA-F]{8}-[0-9a-fA-F]{4}-[0-9a-fA-F]{4}-[0-9a-fA-F]{4}-[0-9a-fA-F]{12})\b,HIGH,true,TruffleHog,
robinhoodcrypto_2,Robinhood,Crypto API Key,(?:[A-Za-z0-9+\/]{4})*(?:[A-Za-z0-9+\/]{2}==|[A-Za-z0-9+\/]{3}=),HIGH,true,TruffleHog,
rocketreach_1,Rocket,Reach API Key,rocketreach,HIGH,true,TruffleHog,
rootly_1,Rootly,API Key,\b(rootly_[a-f0-9]{64})\b,HIGH,true,TruffleHog,
route4me_1,Route4me,API Key,route4me,HIGH,true,TruffleHog,
rownd_1,Rownd,API Key,rownd,HIGH,true,TruffleHog,
rubygems_1,Ruby,Gems API Key,\b(rubygems_[a-zA0-9]{48})\b,HIGH,true,TruffleHog,
runrunit_1,Run,Run It API Key,runrunit,HIGH,true,TruffleHog,
saladcloudapikey_1,Salad,Cloud Api Key,"\b(salad_cloud_[0-9A-Za-z]{1,7}_[0-9A-Za-z]{7,235})\b",HIGH,true,TruffleHog,
salesblink_1,Salesblink,API Key,salesblink,HIGH,true,TruffleHog,
salescookie_1,Salescookie,API Key,salescookie,HIGH,true,TruffleHog,
salesflare_1,Salesflare,API Key,salesflare,HIGH,true,TruffleHog,
salesforce_1,Salesforce,API Key,\b00[a-zA-Z0-9]{13}![a-zA-Z0-9_.]{96}\b,HIGH,true,TruffleHog,
salesforce_2,Salesforce,API Key,"\bhttps://[0-9a-zA-Z-\.]{1,100}\.my\.salesforce\.com\b",HIGH,true,TruffleHog,
salesforceoauth2_1,Salesforce,Oauth2 API Key,"\b(?:https?://)?([0-9a-zA-Z\-\.]{1,100}\.my\.salesforce\.com)\b",HIGH,true,TruffleHog,
salesforceoauth2_2,Salesforce,Oauth2 API Key,"\b(3MVG9[0-9a-zA-Z._+/=]{80,251})",HIGH,true,TruffleHog,
salesforceoauth2_3,Salesforce,Oauth2 API Key,salesforce,HIGH,true,TruffleHog,
salesforcerefreshtoken_1,Salesforce,Refresh Token,"(?i)\b(5AEP861[a-zA-Z0-9._=]{80,})\b",HIGH,true,TruffleHog,
salesmate_1,Salesmate,API Key,salesmate,HIGH,true,TruffleHog,
sanity_1,Sanity,API Key,sanity,HIGH,true,TruffleHog,
satismeterprojectkey_1,Satismeter,Projectkey API Key,satismeter,HIGH,true,TruffleHog,
saucelabs_1,Sauce,Labs API Key,saucelabs,HIGH,true,TruffleHog,
scalewaykey_1,Scaleway,Key,scaleway,HIGH,true,TruffleHog,
scalr_1,Scalr,API Key,scalr,HIGH,true,TruffleHog,
scrapeowl_1,Scrapeowl,API Key,scrapeowl,HIGH,true,TruffleHog,
scraperapi_1,Scraper,API API Key,scraperapi,HIGH,true,TruffleHog,
scraperbox_1,Scraper,Box API Key,scraperbox,HIGH,true,TruffleHog,
scrapestack_1,Scrape,Stack API Key,scrapestack,HIGH,true,TruffleHog,
scrapfly_1,Scrapfly,API Key,scrapfly,HIGH,true,TruffleHog,
scrapingant_1,Scraping,Ant API Key,scrapingant,HIGH,true,TruffleHog,
scrapingbee_1,Scraping,Bee API Key,scraping[ _-]?bee,HIGH,true,TruffleHog,
screenshotapi_1,Screenshot,API API Key,screenshotapi,HIGH,true,TruffleHog,
screenshotlayer_1,Screenshot,Layer API Key,screenshotlayer,HIGH,true,TruffleHog,
scrutinizerci_1,Scrutinizer,Ci API Key,scrutinizer,HIGH,true,TruffleHog,
securitytrails_1,Security,Trails API Key,securitytrails,HIGH,true,TruffleHog,
segmentapikey_1,Segment,Api Key,segment,HIGH,true,TruffleHog,
selectpdf_1,Select,PDF API Key,selectpdf,HIGH,true,TruffleHog,
semaphore_1,Semaphore,API Key,semaphore,HIGH,true,TruffleHog,
sendbird_1,Sendbird,API Key,sendbird,HIGH,true,TruffleHog,
sendgrid_1,Send,Grid API Key,"\bSG\.[\w\-]{20,24}\.[\w\-]{39,50}\b",HIGH,true,TruffleHog,
sendinbluev2_1,Sendin,Blue V2 API Key,\b(xkeysib\-[A-Za-z0-9_-]{81})\b,HIGH,true,TruffleHog,
sentryorgtoken_1,Sentry,Org Token,\b(sntrys_eyJ[a-zA-Z0-9=_+/]{197})\b,HIGH,true,TruffleHog,
sentrytoken_1,Sentry,Token,sentry,HIGH,true,TruffleHog,
sentrytoken_2,Sentry,Token,\b(sntryu_[a-f0-9]{64})\b,HIGH,true,TruffleHog,
serphouse_1,Serphouse,API Key,serphouse,HIGH,true,TruffleHog,
serpstack_1,Serp,Stack API Key,serpstack,HIGH,true,TruffleHog,
sheety_1,Sheety,API Key,sheety,HIGH,true,TruffleHog,
sherpadesk_1,Sherpadesk,API Key,sherpadesk,HIGH,true,TruffleHog,
shipday_1,Shipday,API Key,shipday,HIGH,true,TruffleHog,
shippo_1,Shippo,API Key,\b(shippo_(live|test)_[a-f0-9]{40})\b,HIGH,true,TruffleHog,
shodankey_1,Shodan,Key,shodan,HIGH,true,TruffleHog,
shopify_1,Shopify,API Key,\b(shppa_|shpat_)([0-9A-Fa-f]{32})\b,HIGH,true,TruffleHog,
shopifyoauth_1,Shopify,O Auth API Key,\b(shpss_[a-fA-F0-9]{32})\b,HIGH,true,TruffleHog,
shopifyoauth_2,Shopify,O Auth API Key,shopify,HIGH,true,TruffleHog,
shortcut_1,Shortcut,API Key,shortcut,HIGH,true,TruffleHog,
shotstack_1,Shotstack,API Key,shotstack,HIGH,true,TruffleHog,
shutterstock_1,Shutterstock,API Key,shutterstock,HIGH,true,TruffleHog,
signable_1,Signable,API Key,".{0,2}signable",HIGH,true,TruffleHog,
signalwire_1,Signalwire,API Key,signalwire,HIGH,true,TruffleHog,
signaturit_1,Signaturit,API Key,signaturit,HIGH,true,TruffleHog,
signupgenius_1,Signupgenius,API Key,signupgenius,HIGH,true,TruffleHog,
sigopt_1,Sigopt,API Key,sigopt,HIGH,true,TruffleHog,
simfin_1,Sim,Fin API Key,simfin,HIGH,true,TruffleHog,
simplesat_1,Simplesat,API Key,simplesat,HIGH,true,TruffleHog,
simplynoted_1,Simply,Noted API Key,simplynoted,HIGH,true,TruffleHog,
simvoly_1,Simvoly,API Key,simvoly,HIGH,true,TruffleHog,
sinchmessage_1,Sinch,Message API Key,sinch,HIGH,true,TruffleHog,
sirv_1,Sirv,API Key,sirv,HIGH,true,TruffleHog,
siteleaf_1,Siteleaf,API Key,siteleaf,HIGH,true,TruffleHog,
skrappio_1,Skrappio,API Key,skrapp,HIGH,true,TruffleHog,
skybiometry_1,Sky,Biometry API Key,skybiometry,HIGH,true,TruffleHog,
slack_1,Slack,API Key,"xoxb\-[0-9]{10,13}\-[0-9]{10,13}[a-zA-Z0-9\-]*",HIGH,true,TruffleHog,
slack_2,Slack,API Key,"xoxp\-[0-9]{10,13}\-[0-9]{10,13}[a-zA-Z0-9\-]*",HIGH,true,TruffleHog,
slack_3,Slack,API Key,"xoxa\-[0-9]{10,13}\-[0-9]{10,13}[a-zA-Z0-9\-]*",HIGH,true,TruffleHog,
slack_4,Slack,API Key,"xoxr\-[0-9]{10,13}\-[0-9]{10,13}[a-zA-Z0-9\-]*",HIGH,true,TruffleHog,
slackwebhook_1,Slack,Webhook API Key,"(https://hooks\.slack\.com/services/T[A-Z0-9]+/B[A-Z0-9]+/[A-Za-z0-9]{23,25})",HIGH,true,TruffleHog,
slackwebhook_2,Slack,Webhook API Key,"(https://hooks\.slack\.com/workflows/T[A-Z0-9]+/A[A-Z0-9]+/[0-9]{17,19}/[A-Za-z0-9]{23,25})",HIGH,true,TruffleHog,
smartsheets_1,Smartsheets,API Key,sheet,HIGH,true,TruffleHog,
smartystreets_1,Smarty,Streets API Key,smartystreets,HIGH,true,TruffleHog,
smooch_1,Smooch,API Key,smooch,HIGH,true,TruffleHog,
snipcart_1,Snipcart,API Key,snipcart,HIGH,true,TruffleHog,
snowflake_1,Snowflake,API Key,account,HIGH,true,TruffleHog,
snykkey_1,Snyk,Key,snyk,HIGH,true,TruffleHog,
sonarcloud_1,Sonar,Cloud API Key,sonar,HIGH,true,TruffleHog,
sourcegraph_1,Sourcegraph,API Key,\b(sgp_(?:[a-fA-F0-9]{16}|local)_[a-fA-F0-9]{40}|sgp_[a-fA-F0-9]{40}|[a-fA-F0-9]{40})\b,HIGH,true,TruffleHog,
sourcegraphcody_1,Sourcegraph,Cody API Key,\b(slk_[a-f0-9]{64})\b,HIGH,true,TruffleHog,
sparkpost_1,Sparkpost,API Key,\b([a-zA-Z0-9]{40})\b,HIGH,true,TruffleHog,
spectralops_1,Spectral,Ops API Key,\b(spu-[a-z0-9]{32})\b,HIGH,true,TruffleHog,
speechtextai_1,Speech,Text AI API Key,speechtext,HIGH,true,TruffleHog,
splunkoberservabilitytoken_1,Splunk,Oberservability Token,splunk,HIGH,true,TruffleHog,
spoonacular_1,Spoonacular,API Key,spoonacular,HIGH,true,TruffleHog,
sportsmonk_1,Sportsmonk,API Key,sportsmonk,HIGH,true,TruffleHog,
sqlserver_1,SQL,Server API Key,"(?:\n|`|'|""| )?((?:[A-Za-z0-9_ ]+=[^;$'`""$]+;?){3,})(?:'|`|""|\r\n|\n)?",HIGH,true,TruffleHog,
square_1,Square,API Key,square,HIGH,true,TruffleHog,
squareapp_1,Square,App API Key,"(?:sandbox-)?sq0i[a-z]{2}-[0-9A-Za-z_-]{22,43}",HIGH,true,TruffleHog,
squareapp_2,Square,App API Key,"(?:sandbox-)?sq0c[a-z]{2}-[0-9A-Za-z_-]{40,50}",HIGH,true,TruffleHog,
squarespace_1,Squarespace,API Key,squarespace,HIGH,true,TruffleHog,
sslmate_1,Ssl,Mate API Key,sslmate,HIGH,true,TruffleHog,
statuscake_1,Statuscake,API Key,statuscake,HIGH,true,TruffleHog,
statuspage_1,Statuspage,API Key,statuspage,HIGH,true,TruffleHog,
statuspal_1,Statuspal,API Key,statuspal,HIGH,true,TruffleHog,
stitchdata_1,Stitchdata,API Key,stitchdata,HIGH,true,TruffleHog,
stockdata_1,Stockdata,API Key,stockdata,HIGH,true,TruffleHog,
storecove_1,Storecove,API Key,storecove,HIGH,true,TruffleHog,
stormboard_1,Stormboard,API Key,stormboard,HIGH,true,TruffleHog,
stormglass_1,Stormglass,API Key,stormglass,HIGH,true,TruffleHog,
storyblokaccesstoken_1,Storyblok,Access Token,storyblok,HIGH,true,TruffleHog,
storychief_1,Storychief,API Key,storychief,HIGH,true,TruffleHog,
strava_1,Strava,API Key,strava,HIGH,true,TruffleHog,
streak_1,Streak,API Key,streak,HIGH,true,TruffleHog,
stripe_1,Stripe,API Key,"[rs]k_live_[a-zA-Z0-9]{20,247}",HIGH,true,TruffleHog,
stripepaymentintent_1,Stripe,Payment Intent API Key,\b(pi_[a-zA-Z0-9]{24}_secret_[a-zA-Z0-9]{25})\b,HIGH,true,TruffleHog,
stripepaymentintent_2,Stripe,Payment Intent API Key,"\b([rs]k_live_[a-zA-Z0-9]{20,247})\b",HIGH,true,TruffleHog,
stripepaymentintent_3,Stripe,Payment Intent API Key,"\b(pk_live_[a-zA-Z0-9]{20,247})\b",HIGH,true,TruffleHog,
stripo_1,Stripo,API Key,stripo,HIGH,true,TruffleHog,
stytch_1,Stytch,API Key,stytch,HIGH,true,TruffleHog,
sugester_1,Sugester,API Key,sugester,HIGH,true,TruffleHog,
sumologickey_1,Sumo,Logic Key,sumo,HIGH,true,TruffleHog,
supabasetoken_1,Supabase,Token,\b(sbp_[a-z0-9]{40})\b,HIGH,true,TruffleHog,
supernotesapi_1,Super,Notes API API Key,supernotes,HIGH,true,TruffleHog,
surveyanyplace_1,Survey,Anyplace API Key,survey,HIGH,true,TruffleHog,
surveybot_1,Survey,Bot API Key,surveybot,HIGH,true,TruffleHog,
surveysparrow_1,Survey,Sparrow API Key,surveysparrow,HIGH,true,TruffleHog,
survicate_1,Survicate,API Key,survicate,HIGH,true,TruffleHog,
swell_1,Swell,API Key,swell,HIGH,true,TruffleHog,
swiftype_1,Swiftype,API Key,swiftype,HIGH,true,TruffleHog,
tableaupersonalaccesstoken_1,Tableau,Personal Access Token,pat,HIGH,true,TruffleHog,
tableaupersonalaccesstoken_2,Tableau,Personal Access Token,\b([A-Za-z0-9+/]{22}==:[A-Za-z0-9]{32})\b,HIGH,true,TruffleHog,
tailscale_1,Tailscale,API Key,\btskey-[a-z]+-[0-9A-Za-z_]+-[0-9A-Za-z_]+\b,HIGH,true,TruffleHog,
tallyfy_1,Tallyfy,API Key,tallyfy,HIGH,true,TruffleHog,
tatumio_1,Tatum,IO API Key,tatum,HIGH,true,TruffleHog,
taxjar_1,Taxjar,API Key,taxjar,HIGH,true,TruffleHog,
teamgate_1,Teamgate,API Key,teamgate,HIGH,true,TruffleHog,
teamworkcrm_1,Teamwork,CRM API Key,teamwork,HIGH,true,TruffleHog,
technicalanalysisapi_1,Technical,Analysis Api API Key,technicalanalysisapi,HIGH,true,TruffleHog,
tefter_1,Tefter,API Key,tefter,HIGH,true,TruffleHog,
telegrambottoken_1,Telegram,Bot Token,telegram,HIGH,true,TruffleHog,
teletype_1,Teletype,API Key,teletype,HIGH,true,TruffleHog,
telnyx_1,Telnyx,API Key,telnyx,HIGH,true,TruffleHog,
terraformcloudpersonaltoken_1,Terraform,Cloud Personal Token,\b([A-Za-z0-9]{14}.atlasv1.[A-Za-z0-9]{67})\b,HIGH,true,TruffleHog,
testingbot_1,Testing,Bot API Key,testingbot,HIGH,true,TruffleHog,
textmagic_1,Textmagic,API Key,textmagic,HIGH,true,TruffleHog,
theoddsapi_1,The,Odds Api API Key,theoddsapi,HIGH,true,TruffleHog,
thinkific_1,Thinkific,API Key,thinkific,HIGH,true,TruffleHog,
thousandeyes_1,Thousand,Eyes API Key,thousandeyes,HIGH,true,TruffleHog,
ticketmaster_1,Ticket,Master API Key,ticketmaster,HIGH,true,TruffleHog,
tickettailor_1,Tickettailor,API Key,tickettailor,HIGH,true,TruffleHog,
tiingo_1,Tiingo,API Key,tiingo,HIGH,true,TruffleHog,
timecamp_1,Time,Camp API Key,timecamp,HIGH,true,TruffleHog,
timezoneapi_1,Timezoneapi,API Key,timezoneapi,HIGH,true,TruffleHog,
tineswebhook_1,Tines,Webhook API Key,(https://[\w-]+\.tines\.com/webhook/[a-z0-9]{32}/[a-z0-9]{32}),HIGH,true,TruffleHog,
tly_1,T,Ly API Key,tly,HIGH,true,TruffleHog,
tmetric_1,Tmetric,API Key,tmetric,HIGH,true,TruffleHog,
todoist_1,Todoist,API Key,todoist,HIGH,true,TruffleHog,
toggltrack_1,Toggl,Track API Key,toggl,HIGH,true,TruffleHog,
tokeet_1,Tokeet,API Key,tokeet,HIGH,true,TruffleHog,
tomorrowio_1,Tomorrow,IO API Key,tomorrow,HIGH,true,TruffleHog,
tomtom_1,Tomtom,API Key,tomtom,HIGH,true,TruffleHog,
tradier_1,Tradier,API Key,tradier,HIGH,true,TruffleHog,
transferwise_1,Transferwise,API Key,transferwise,HIGH,true,TruffleHog,
travelpayouts_1,Travel,Payouts API Key,travelpayouts,HIGH,true,TruffleHog,
travisci_1,Travis,CI API Key,travis,HIGH,true,TruffleHog,
trelloapikey_1,Trello,Api Key,\b([a-zA-Z-0-9]{64})\b,HIGH,true,TruffleHog,
trelloapikey_2,Trello,Api Key,trello,HIGH,true,TruffleHog,
tru_1,Tru,API Key,tru,HIGH,true,TruffleHog,
trufflehogenterprise_1,Trufflehog,Enterprise API Key,\bthog-key-[0-9a-f]{16}\b,HIGH,true,TruffleHog,
trufflehogenterprise_2,Trufflehog,Enterprise API Key,\bthog-secret-[0-9a-f]{32}\b,HIGH,true,TruffleHog,
twelvedata_1,Twelve,Data API Key,twelvedata,HIGH,true,TruffleHog,
twilio_1,Twilio,API Key,\bAC[0-9a-f]{32}\b,HIGH,true,TruffleHog,
twilio_2,Twilio,API Key,\b[0-9a-f]{32}\b,HIGH,true,TruffleHog,
twilio_3,Twilio,API Key,\bSK[a-zA-Z0-9]{32}\b,HIGH,true,TruffleHog,
twilio_4,Twilio,API Key,\b[0-9a-zA-Z]{32}\b,HIGH,true,TruffleHog,
twist_1,Twist,API Key,twist,HIGH,true,TruffleHog,
twitch_1,Twitch,API Key,twitch,HIGH,true,TruffleHog,
twitter_1,Twitter,API Key,twitter,HIGH,true,TruffleHog,
tyntec_1,Tyntec,API Key,tyntec,HIGH,true,TruffleHog,
typeform_1,Typeform,API Key,typeform,HIGH,true,TruffleHog,
typeform_2,Typeform,API Key,"\btfp_[a-zA-Z0-9_]{40,59}\b",HIGH,true,TruffleHog,
typetalk_1,Typetalk,API Key,typetalk,HIGH,true,TruffleHog,
ubidots_1,Ubidots,API Key,\b(BBFF-[0-9a-zA-Z]{30})\b,HIGH,true,TruffleHog,
uclassify_1,Uclassify,API Key,uclassify,HIGH,true,TruffleHog,
unifyid_1,Unify,ID API Key,unify,HIGH,true,TruffleHog,
unplugg_1,Unplugg,API Key,unplu,HIGH,true,TruffleHog,
unsplash_1,Unsplash,API Key,unsplash,HIGH,true,TruffleHog,
upcdatabase_1,UPC,Database API Key,upcdatabase,HIGH,true,TruffleHog,
uplead_1,Uplead,API Key,uplead,HIGH,true,TruffleHog,
uploadcare_1,Upload,Care API Key,uploadcare,HIGH,true,TruffleHog,
uptimerobot_1,Uptime,Robot API Key,uptimerobot,HIGH,true,TruffleHog,
upwave_1,Upwave,API Key,upwave,HIGH,true,TruffleHog,
uri_1,URI,API Key,"\bhttps?:\/\/[\w!#$%&()*+,\-./;<=>?@[\\\]^_{|}~]{0,50}:([\w!#$%&()*+,\-./:;<=>?[\\\]^_{|}~]{3,50})@[a-zA-Z0-9.-]+(?:\.[a-zA-Z]{2,})?(?::\d{1,5})?[\w/]+\b",HIGH,true,TruffleHog,
urlscan_1,Urlscan,API Key,urlscan,HIGH,true,TruffleHog,
user_1,User,API Key,user,HIGH,true,TruffleHog,
userflow_1,Userflow,API Key,userflow,HIGH,true,TruffleHog,
userstack_1,User,Stack API Key,userstack,HIGH,true,TruffleHog,
vagrantcloudpersonaltoken_1,Vagrant,Cloud Personal Token,vagrant,HIGH,true,TruffleHog,
vatlayer_1,Vat,Layer API Key,vatlayer,HIGH,true,TruffleHog,
vbout_1,Vbout,API Key,vbout,HIGH,true,TruffleHog,
vercel_1,Vercel,API Key,vercel,HIGH,true,TruffleHog,
verifier_1,Verifier,API Key,verifier,HIGH,true,TruffleHog,
verimail_1,Verimail,API Key,verimail,HIGH,true,TruffleHog,
veriphone_1,Veriphone,API Key,veriphone,HIGH,true,TruffleHog,
versioneye_1,Version,Eye API Key,versioneye,HIGH,true,TruffleHog,
viewneo_1,Viewneo,API Key,viewneo,HIGH,true,TruffleHog,
virustotal_1,Virus,Total API Key,virustotal,HIGH,true,TruffleHog,
visualcrossing_1,Visual,Crossing API Key,visualcrossing,HIGH,true,TruffleHog,
voiceflow_1,Voiceflow,API Key,\b(VF\.(?:(?:DM|WS)\.)?[a-fA-F0-9]{24}\.[a-zA-Z0-9]{16})\b,HIGH,true,TruffleHog,
voicegain_1,Voicegain,API Key,voicegain,HIGH,true,TruffleHog,
voodoosms_1,Voodoo,SMS API Key,voodoosms,HIGH,true,TruffleHog,
vouchery_1,Vouchery,API Key,vouchery,HIGH,true,TruffleHog,
vpnapi_1,Vpnapi,API Key,vpnapi,HIGH,true,TruffleHog,
vultrapikey_1,Vultr,Api Key,vultr,HIGH,true,TruffleHog,
vyte_1,Vyte,API Key,vyte,HIGH,true,TruffleHog,
walkscore_1,Walk,Score API Key,walkscore,HIGH,true,TruffleHog,
weatherbit_1,Weather,Bit API Key,weatherbit,HIGH,true,TruffleHog,
weatherstack_1,Weather,Stack API Key,weatherstack,HIGH,true,TruffleHog,
web3storage_1,Web3Storage,API Key,web3,HIGH,true,TruffleHog,
webex_1,Webex,API Key,webex,HIGH,true,TruffleHog,
webexbot_1,Webex,Bot API Key,([a-zA-Z0-9]{64}_[a-zA-Z0-9]{4}_[a-zA-Z0-9]{8}-[a-zA-Z0-9]{4}-[a-zA-Z0-9]{4}-[a-zA-Z0-9]{4}-[a-zA-Z0-9]{12}),HIGH,true,TruffleHog,
webflow_1,Webflow,API Key,webflow,HIGH,true,TruffleHog,
webscraper_1,Web,Scraper API Key,webscraper,HIGH,true,TruffleHog,
webscraping_1,Webscraping,API Key,webscraping,HIGH,true,TruffleHog,
websitepulse_1,Websitepulse,API Key,websitepulse,HIGH,true,TruffleHog,
weightsandbiases_1,Weights,And Biases API Key,wandb,HIGH,true,TruffleHog,
wepay_1,We,Pay API Key,\b(\d{6})\b,HIGH,true,TruffleHog,
wepay_2,We,Pay API Key,wepay,HIGH,true,TruffleHog,
whoxy_1,Whoxy,API Key,whoxy,HIGH,true,TruffleHog,
wistia_1,Wistia,API Key,wistia,HIGH,true,TruffleHog,
wit_1,Wit,API Key,wit,HIGH,true,TruffleHog,
wiz_1,Wiz,API Key,wiz,HIGH,true,TruffleHog,
worksnaps_1,Worksnaps,API Key,worksnaps,HIGH,true,TruffleHog,
workstack_1,Workstack,API Key,workstack,HIGH,true,TruffleHog,
worldcoinindex_1,World,Coin Index API Key,worldcoinindex,HIGH,true,TruffleHog,
worldweather_1,World,Weather API Key,worldweather,HIGH,true,TruffleHog,
wrike_1,Wrike,API Key,wrike,HIGH,true,TruffleHog,
xai_1,XAI,API Key,\b(xai-[0-9a-zA-Z_]{80})\b,HIGH,true,TruffleHog,
yandex_1,Yandex,API Key,yandex,HIGH,true,TruffleHog,
yelp_1,Yelp,API Key,yelp,HIGH,true,TruffleHog,
youneedabudget_1,You,Need A Budget API Key,youneedabudget,HIGH,true,TruffleHog,
yousign_1,You,Sign API Key,yousign,HIGH,true,TruffleHog,
youtubeapikey_1,Youtube,Api Key,youtube,HIGH,true,TruffleHog,
zapierwebhook_1,Zapier,Webhook API Key,(https:\/\/hooks\.zapier\.com\/hooks\/catch\/[A-Za-z0-9\/]{16}),HIGH,true,TruffleHog,
zendeskapi_1,Zendesk,Api API Key,zendesk,HIGH,true,TruffleHog,
zenkitapi_1,Zenkit,API API Key,zenkit,HIGH,true,TruffleHog,
zenrows_1,Zen,Rows API Key,zenrows,HIGH,true,TruffleHog,
zenscrape_1,Zenscrape,API Key,zenscrape,HIGH,true,TruffleHog,
zenserp_1,Zenserp,API Key,zenserp,HIGH,true,TruffleHog,
zeplin_1,Zeplin,API Key,zeplin,HIGH,true,TruffleHog,
zerobounce_1,Zerobounce,API Key,zerobounce,HIGH,true,TruffleHog,
zerotier_1,Zero,Tier API Key,zerotier,HIGH,true,TruffleHog,
zipapi_1,Zip,API API Key,zipapi,HIGH,true,TruffleHog,
zipbooks_1,Zip,Books API Key,zipbooks,HIGH,true,TruffleHog,
zipcodeapi_1,Zip,Code API API Key,zipcodeapi,HIGH,true,TruffleHog,
zipcodebase_1,Zipcodebase,API Key,zipcodebase,HIGH,true,TruffleHog,
zohocrm_1,Zoho,CRM API Key,\b(1000\.[a-f0-9]{32}\.[a-f0-9]{32})\b,HIGH,true,TruffleHog,
zonkafeedback_1,Zonka,Feedback API Key,zonka,HIGH,true,TruffleHog,
zulipchat_1,Zulip,Chat API Key,"\b([a-zA-Z0-9._%+-]+@[a-zA-Z0-9.-]+\.[a-zA-Z]{2,})\b",HIGH,true,TruffleHog,
